"meta_source","meta_time","meta_event","meta_session","timestamp","vehicle_id","outing","lap","value","expire_at"
"kafka:gr-raw","2025-04-26T21:43:13.981Z","I_R02_2025-04-27","R1","2025-04-26T21:43:12.083Z","GR86-002-2",0,2,1476949,
"kafka:gr-raw","2025-04-26T20:54:54.770Z","I_R02_2025-04-27","R1","2025-04-26T20:54:54.445Z","GR86-002-2",0,1,394717,
"kafka:gr-raw","2025-04-26T20:48:20.750Z","I_R02_2025-04-27","R1","2025-04-26T20:48:19.686Z","GR86-002-2",0,32768,2048484,
"kafka:gr-raw","2025-04-26T21:45:00.630Z","I_R02_2025-04-27","R1","2025-04-26T21:44:59.853Z","GR86-004-78",0,19,249700,
"kafka:gr-raw","2025-04-26T21:40:51.262Z","I_R02_2025-04-27","R1","2025-04-26T21:40:50.147Z","GR86-004-78",0,18,151200,
"kafka:gr-raw","2025-04-26T21:38:20.753Z","I_R02_2025-04-27","R1","2025-04-26T21:38:18.944Z","GR86-004-78",0,17,149779,
"kafka:gr-raw","2025-04-26T21:35:50.684Z","I_R02_2025-04-27","R1","2025-04-26T21:35:49.174Z","GR86-004-78",0,16,149821,
"kafka:gr-raw","2025-04-26T21:33:19.860Z","I_R02_2025-04-27","R1","2025-04-26T21:33:19.335Z","GR86-004-78",0,15,150800,
"kafka:gr-raw","2025-04-26T21:30:49.007Z","I_R02_2025-04-27","R1","2025-04-26T21:30:48.613Z","GR86-004-78",0,14,217990,
"kafka:gr-raw","2025-04-26T21:27:11.907Z","I_R02_2025-04-27","R1","2025-04-26T21:27:10.573Z","GR86-004-78",0,13,209546,
"kafka:gr-raw","2025-04-26T21:23:41.387Z","I_R02_2025-04-27","R1","2025-04-26T21:23:41.013Z","GR86-004-78",0,12,149731,
"kafka:gr-raw","2025-04-26T21:21:18.926Z","I_R02_2025-04-27","R1","2025-04-26T21:21:11.254Z","GR86-004-78",0,11,149780,
"kafka:gr-raw","2025-04-26T21:18:43.658Z","I_R02_2025-04-27","R1","2025-04-26T21:18:41.494Z","GR86-004-78",0,10,149289,
"kafka:gr-raw","2025-04-26T21:16:14.314Z","I_R02_2025-04-27","R1","2025-04-26T21:16:12.174Z","GR86-004-78",0,9,149245,
"kafka:gr-raw","2025-04-26T21:13:43.958Z","I_R02_2025-04-27","R1","2025-04-26T21:13:42.933Z","GR86-004-78",0,8,149465,
"kafka:gr-raw","2025-04-26T21:11:14.900Z","I_R02_2025-04-27","R1","2025-04-26T21:11:13.494Z","GR86-004-78",0,7,149511,
"kafka:gr-raw","2025-04-26T21:08:47.811Z","I_R02_2025-04-27","R1","2025-04-26T21:08:43.944Z","GR86-004-78",0,6,149868,
"kafka:gr-raw","2025-04-26T21:06:16.340Z","I_R02_2025-04-27","R1","2025-04-26T21:06:14.083Z","GR86-004-78",0,5,150212,
"kafka:gr-raw","2025-04-26T21:03:47.684Z","I_R02_2025-04-27","R1","2025-04-26T21:03:43.883Z","GR86-004-78",0,4,150090,
"kafka:gr-raw","2025-04-26T21:01:15.729Z","I_R02_2025-04-27","R1","2025-04-26T21:01:13.773Z","GR86-004-78",0,3,154623,
"kafka:gr-raw","2025-04-26T20:58:41.048Z","I_R02_2025-04-27","R1","2025-04-26T20:58:39.173Z","GR86-004-78",0,2,223651,
"kafka:gr-raw","2025-04-26T20:54:56.285Z","I_R02_2025-04-27","R1","2025-04-26T20:54:55.534Z","GR86-004-78",0,1,220312,
"kafka:gr-raw","2025-04-26T20:51:16.847Z","I_R02_2025-04-27","R1","2025-04-26T20:51:15.163Z","GR86-004-78",0,32768,906415,
"kafka:gr-raw","2025-04-26T21:44:45.151Z","I_R02_2025-04-27","R1","2025-04-26T21:44:43.670Z","GR86-006-7",0,19,44,
"kafka:gr-raw","2025-04-26T21:44:45.150Z","I_R02_2025-04-27","R1","2025-04-26T21:44:43.668Z","GR86-006-7",0,20,0,
"kafka:gr-raw","2025-04-26T21:44:45.149Z","I_R02_2025-04-27","R1","2025-04-26T21:44:43.663Z","GR86-006-7",0,19,237523,
"kafka:gr-raw","2025-04-26T21:44:45.149Z","I_R02_2025-04-27","R1","2025-04-26T21:44:43.665Z","GR86-006-7",0,20,0,
"kafka:gr-raw","2025-04-26T21:44:45.149Z","I_R02_2025-04-27","R1","2025-04-26T21:44:43.666Z","GR86-006-7",0,19,89,
"kafka:gr-raw","2025-04-26T21:40:46.166Z","I_R02_2025-04-27","R1","2025-04-26T21:40:45.805Z","GR86-006-7",0,18,150567,
"kafka:gr-raw","2025-04-26T21:38:16.924Z","I_R02_2025-04-27","R1","2025-04-26T21:38:15.215Z","GR86-006-7",0,17,149892,
"kafka:gr-raw","2025-04-26T21:35:46.621Z","I_R02_2025-04-27","R1","2025-04-26T21:35:45.333Z","GR86-006-7",0,16,149932,
"kafka:gr-raw","2025-04-26T21:33:16.462Z","I_R02_2025-04-27","R1","2025-04-26T21:33:15.374Z","GR86-006-7",0,15,149280,
"kafka:gr-raw","2025-04-26T21:30:47.395Z","I_R02_2025-04-27","R1","2025-04-26T21:30:46.137Z","GR86-006-7",0,14,222493,
"kafka:gr-raw","2025-04-26T21:27:03.914Z","I_R02_2025-04-27","R1","2025-04-26T21:27:03.615Z","GR86-006-7",0,13,212183,
"kafka:gr-raw","2025-04-26T21:23:32.902Z","I_R02_2025-04-27","R1","2025-04-26T21:23:31.415Z","GR86-006-7",0,12,149119,
"kafka:gr-raw","2025-04-26T21:21:02.653Z","I_R02_2025-04-27","R1","2025-04-26T21:21:02.285Z","GR86-006-7",0,11,148787,
"kafka:gr-raw","2025-04-26T21:18:33.816Z","I_R02_2025-04-27","R1","2025-04-26T21:18:33.505Z","GR86-006-7",0,10,148889,
"kafka:gr-raw","2025-04-26T21:16:05.194Z","I_R02_2025-04-27","R1","2025-04-26T21:16:04.615Z","GR86-006-7",0,9,148922,
"kafka:gr-raw","2025-04-26T21:13:36.063Z","I_R02_2025-04-27","R1","2025-04-26T21:13:35.704Z","GR86-006-7",0,8,148695,
"kafka:gr-raw","2025-04-26T21:11:10.049Z","I_R02_2025-04-27","R1","2025-04-26T21:11:07.015Z","GR86-006-7",0,7,148556,
"kafka:gr-raw","2025-04-26T21:08:40.924Z","I_R02_2025-04-27","R1","2025-04-26T21:08:38.630Z","GR86-006-7",0,6,0,
"kafka:gr-raw","2025-04-26T21:08:40.924Z","I_R02_2025-04-27","R1","2025-04-26T21:08:38.628Z","GR86-006-7",0,7,178,
"kafka:gr-raw","2025-04-26T21:08:40.922Z","I_R02_2025-04-27","R1","2025-04-26T21:08:38.624Z","GR86-006-7",0,7,0,
"kafka:gr-raw","2025-04-26T21:08:40.922Z","I_R02_2025-04-27","R1","2025-04-26T21:08:38.626Z","GR86-006-7",0,6,44,
"kafka:gr-raw","2025-04-26T21:08:40.921Z","I_R02_2025-04-27","R1","2025-04-26T21:08:38.623Z","GR86-006-7",0,6,149088,
"kafka:gr-raw","2025-04-26T21:06:10.332Z","I_R02_2025-04-27","R1","2025-04-26T21:06:09.135Z","GR86-006-7",0,5,149505,
"kafka:gr-raw","2025-04-26T21:03:40.317Z","I_R02_2025-04-27","R1","2025-04-26T21:03:39.616Z","GR86-006-7",0,4,149906,
"kafka:gr-raw","2025-04-26T21:01:14.335Z","I_R02_2025-04-27","R1","2025-04-26T21:01:09.736Z","GR86-006-7",0,3,151839,
"kafka:gr-raw","2025-04-26T20:58:40.821Z","I_R02_2025-04-27","R1","2025-04-26T20:58:37.894Z","GR86-006-7",0,2,223523,
"kafka:gr-raw","2025-04-26T20:54:54.846Z","I_R02_2025-04-27","R1","2025-04-26T20:54:54.343Z","GR86-006-7",0,1,44,
"kafka:gr-raw","2025-04-26T20:54:54.845Z","I_R02_2025-04-27","R1","2025-04-26T20:54:54.296Z","GR86-006-7",0,2,0,
"kafka:gr-raw","2025-04-26T20:54:54.840Z","I_R02_2025-04-27","R1","2025-04-26T20:54:54.294Z","GR86-006-7",0,1,397745,
"kafka:gr-raw","2025-04-26T20:48:17.236Z","I_R02_2025-04-27","R1","2025-04-26T20:48:16.573Z","GR86-006-7",0,32768,44,
"kafka:gr-raw","2025-04-26T20:48:17.235Z","I_R02_2025-04-27","R1","2025-04-26T20:48:16.496Z","GR86-006-7",0,1,0,
"kafka:gr-raw","2025-04-26T20:48:17.235Z","I_R02_2025-04-27","R1","2025-04-26T20:48:16.494Z","GR86-006-7",0,32768,2226356,
"kafka:gr-raw","2025-04-26T21:44:54.735Z","I_R02_2025-04-27","R1","2025-04-26T21:44:54.525Z","GR86-010-16",0,19,248418,
"kafka:gr-raw","2025-04-26T21:40:47.754Z","I_R02_2025-04-27","R1","2025-04-26T21:40:46.085Z","GR86-010-16",0,18,150645,
"kafka:gr-raw","2025-04-26T21:38:16.803Z","I_R02_2025-04-27","R1","2025-04-26T21:38:15.449Z","GR86-010-16",0,17,0,
"kafka:gr-raw","2025-04-26T21:38:16.803Z","I_R02_2025-04-27","R1","2025-04-26T21:38:15.448Z","GR86-010-16",0,18,0,
"kafka:gr-raw","2025-04-26T21:38:16.802Z","I_R02_2025-04-27","R1","2025-04-26T21:38:15.446Z","GR86-010-16",0,17,149348,
"kafka:gr-raw","2025-04-26T21:35:46.727Z","I_R02_2025-04-27","R1","2025-04-26T21:35:46.052Z","GR86-010-16",0,16,149406,
"kafka:gr-raw","2025-04-26T21:33:17.869Z","I_R02_2025-04-27","R1","2025-04-26T21:33:16.676Z","GR86-010-16",0,15,149690,
"kafka:gr-raw","2025-04-26T21:30:47.652Z","I_R02_2025-04-27","R1","2025-04-26T21:30:46.966Z","GR86-010-16",0,14,221100,
"kafka:gr-raw","2025-04-26T21:27:07.625Z","I_R02_2025-04-27","R1","2025-04-26T21:27:05.895Z","GR86-010-16",0,13,212794,
"kafka:gr-raw","2025-04-26T21:23:33.675Z","I_R02_2025-04-27","R1","2025-04-26T21:23:33.052Z","GR86-010-16",0,12,148993,
"kafka:gr-raw","2025-04-26T21:21:04.835Z","I_R02_2025-04-27","R1","2025-04-26T21:21:04.061Z","GR86-010-16",0,11,148994,
"kafka:gr-raw","2025-04-26T21:18:35.550Z","I_R02_2025-04-27","R1","2025-04-26T21:18:35.075Z","GR86-010-16",0,10,148713,
"kafka:gr-raw","2025-04-26T21:16:06.858Z","I_R02_2025-04-27","R1","2025-04-26T21:16:06.366Z","GR86-010-16",0,9,148887,
"kafka:gr-raw","2025-04-26T21:13:39.686Z","I_R02_2025-04-27","R1","2025-04-26T21:13:37.461Z","GR86-010-16",0,8,148918,
"kafka:gr-raw","2025-04-26T21:11:10.251Z","I_R02_2025-04-27","R1","2025-04-26T21:11:08.556Z","GR86-010-16",0,7,149061,
"kafka:gr-raw","2025-04-26T21:08:40.715Z","I_R02_2025-04-27","R1","2025-04-26T21:08:39.476Z","GR86-010-16",0,6,149219,
"kafka:gr-raw","2025-04-26T21:06:15.561Z","I_R02_2025-04-27","R1","2025-04-26T21:06:10.326Z","GR86-010-16",0,5,150181,
"kafka:gr-raw","2025-04-26T21:03:41.802Z","I_R02_2025-04-27","R1","2025-04-26T21:03:40.094Z","GR86-010-16",0,4,149928,
"kafka:gr-raw","2025-04-26T21:01:13.775Z","I_R02_2025-04-27","R1","2025-04-26T21:01:10.156Z","GR86-010-16",0,3,151860,
"kafka:gr-raw","2025-04-26T20:58:40.909Z","I_R02_2025-04-27","R1","2025-04-26T20:58:38.286Z","GR86-010-16",0,2,223539,
"kafka:gr-raw","2025-04-26T20:54:56.066Z","I_R02_2025-04-27","R1","2025-04-26T20:54:54.731Z","GR86-010-16",0,1,388082,
"kafka:gr-raw","2025-04-26T20:48:30.130Z","I_R02_2025-04-27","R1","2025-04-26T20:48:26.686Z","GR86-010-16",0,32768,563962,
"kafka:gr-raw","2025-04-26T21:46:02.618Z","I_R02_2025-04-27","R1","2025-04-26T21:45:59.600Z","GR86-012-8",0,19,282127,
"kafka:gr-raw","2025-04-26T21:41:17.836Z","I_R02_2025-04-27","R1","2025-04-26T21:41:17.476Z","GR86-012-8",0,18,154606,
"kafka:gr-raw","2025-04-26T21:38:43.841Z","I_R02_2025-04-27","R1","2025-04-26T21:38:42.865Z","GR86-012-8",0,17,153694,
"kafka:gr-raw","2025-04-26T21:36:10.077Z","I_R02_2025-04-27","R1","2025-04-26T21:36:09.196Z","GR86-012-8",0,16,154397,
"kafka:gr-raw","2025-04-26T21:33:39.915Z","I_R02_2025-04-27","R1","2025-04-26T21:33:34.770Z","GR86-012-8",0,15,159368,
"kafka:gr-raw","2025-04-26T21:30:56.657Z","I_R02_2025-04-27","R1","2025-04-26T21:30:55.479Z","GR86-012-8",0,14,44,
"kafka:gr-raw","2025-04-26T21:30:56.655Z","I_R02_2025-04-27","R1","2025-04-26T21:30:55.476Z","GR86-012-8",0,14,207295,
"kafka:gr-raw","2025-04-26T21:30:56.654Z","I_R02_2025-04-27","R1","2025-04-26T21:30:55.477Z","GR86-012-8",0,15,0,
"kafka:gr-raw","2025-04-26T21:27:28.766Z","I_R02_2025-04-27","R1","2025-04-26T21:27:28.076Z","GR86-012-8",0,13,157794,
"kafka:gr-raw","2025-04-26T21:24:51.607Z","I_R02_2025-04-27","R1","2025-04-26T21:24:50.260Z","GR86-012-8",0,12,157299,
"kafka:gr-raw","2025-04-26T21:22:14.501Z","I_R02_2025-04-27","R1","2025-04-26T21:22:12.996Z","GR86-012-8",0,11,155382,
"kafka:gr-raw","2025-04-26T21:19:39.109Z","I_R02_2025-04-27","R1","2025-04-26T21:19:37.596Z","GR86-012-8",0,10,154619,
"kafka:gr-raw","2025-04-26T21:17:04.876Z","I_R02_2025-04-27","R1","2025-04-26T21:17:02.963Z","GR86-012-8",0,9,43,
"kafka:gr-raw","2025-04-26T21:17:04.876Z","I_R02_2025-04-27","R1","2025-04-26T21:17:02.960Z","GR86-012-8",0,10,0,
"kafka:gr-raw","2025-04-26T21:17:04.875Z","I_R02_2025-04-27","R1","2025-04-26T21:17:02.959Z","GR86-012-8",0,9,156612,
"kafka:gr-raw","2025-04-26T21:14:28.239Z","I_R02_2025-04-27","R1","2025-04-26T21:14:26.315Z","GR86-012-8",0,8,156083,
"kafka:gr-raw","2025-04-26T21:11:52.346Z","I_R02_2025-04-27","R1","2025-04-26T21:11:50.211Z","GR86-012-8",0,7,154573,
"kafka:gr-raw","2025-04-26T21:09:21.267Z","I_R02_2025-04-27","R1","2025-04-26T21:09:15.676Z","GR86-012-8",0,6,45,
"kafka:gr-raw","2025-04-26T21:09:21.266Z","I_R02_2025-04-27","R1","2025-04-26T21:09:15.597Z","GR86-012-8",0,7,0,
"kafka:gr-raw","2025-04-26T21:09:21.265Z","I_R02_2025-04-27","R1","2025-04-26T21:09:15.595Z","GR86-012-8",0,6,155353,
"kafka:gr-raw","2025-04-26T21:06:40.975Z","I_R02_2025-04-27","R1","2025-04-26T21:06:40.316Z","GR86-012-8",0,5,156049,
"kafka:gr-raw","2025-04-26T21:04:05.122Z","I_R02_2025-04-27","R1","2025-04-26T21:04:04.196Z","GR86-012-8",0,4,77451,
"kafka:gr-raw","2025-04-26T21:02:57.890Z","I_R02_2025-04-27","R1","2025-04-26T21:02:56.750Z","GR86-012-8",0,3,244540,
"kafka:gr-raw","2025-04-26T20:58:42.580Z","I_R02_2025-04-27","R1","2025-04-26T20:58:42.209Z","GR86-012-8",0,2,221186,
"kafka:gr-raw","2025-04-26T20:55:02.153Z","I_R02_2025-04-27","R1","2025-04-26T20:55:01.087Z","GR86-012-8",0,1,205601,
"kafka:gr-raw","2025-04-26T20:51:36.981Z","I_R02_2025-04-27","R1","2025-04-26T20:51:35.403Z","GR86-012-8",0,32768,997365,
"kafka:gr-raw","2025-04-26T21:45:32.131Z","I_R02_2025-04-27","R1","2025-04-26T21:45:31.307Z","GR86-013-80",0,19,258983,
"kafka:gr-raw","2025-04-26T21:41:13.337Z","I_R02_2025-04-27","R1","2025-04-26T21:41:12.316Z","GR86-013-80",0,18,153520,
"kafka:gr-raw","2025-04-26T21:38:40.390Z","I_R02_2025-04-27","R1","2025-04-26T21:38:38.788Z","GR86-013-80",0,17,152673,
"kafka:gr-raw","2025-04-26T21:36:06.914Z","I_R02_2025-04-27","R1","2025-04-26T21:36:06.107Z","GR86-013-80",0,16,152216,
"kafka:gr-raw","2025-04-26T21:33:39.542Z","I_R02_2025-04-27","R1","2025-04-26T21:33:33.948Z","GR86-013-80",0,15,157296,
"kafka:gr-raw","2025-04-26T21:30:57.163Z","I_R02_2025-04-27","R1","2025-04-26T21:30:56.588Z","GR86-013-80",0,14,191601,
"kafka:gr-raw","2025-04-26T21:27:45.592Z","I_R02_2025-04-27","R1","2025-04-26T21:27:44.977Z","GR86-013-80",0,13,156577,
"kafka:gr-raw","2025-04-26T21:25:09.503Z","I_R02_2025-04-27","R1","2025-04-26T21:25:08.388Z","GR86-013-80",0,12,158311,
"kafka:gr-raw","2025-04-26T21:22:31.327Z","I_R02_2025-04-27","R1","2025-04-26T21:22:30.072Z","GR86-013-80",0,11,153866,
"kafka:gr-raw","2025-04-26T21:19:56.992Z","I_R02_2025-04-27","R1","2025-04-26T21:19:56.203Z","GR86-013-80",0,10,154489,
"kafka:gr-raw","2025-04-26T21:17:41.300Z","I_R02_2025-04-27","R1","2025-04-26T21:17:21.712Z","GR86-013-80",0,9,154624,
"kafka:gr-raw","2025-04-26T21:14:47.874Z","I_R02_2025-04-27","R1","2025-04-26T21:14:47.097Z","GR86-013-80",0,8,165300,
"kafka:gr-raw","2025-04-26T21:12:07.493Z","I_R02_2025-04-27","R1","2025-04-26T21:12:01.787Z","GR86-013-80",0,7,175687,
"kafka:gr-raw","2025-04-26T21:09:07.478Z","I_R02_2025-04-27","R1","2025-04-26T21:09:06.107Z","GR86-013-80",0,6,154000,
"kafka:gr-raw","2025-04-26T21:06:33.576Z","I_R02_2025-04-27","R1","2025-04-26T21:06:32.107Z","GR86-013-80",0,5,154500,
"kafka:gr-raw","2025-04-26T21:04:00.386Z","I_R02_2025-04-27","R1","2025-04-26T21:03:57.627Z","GR86-013-80",0,4,155430,
"kafka:gr-raw","2025-04-26T21:01:24.589Z","I_R02_2025-04-27","R1","2025-04-26T21:01:22.177Z","GR86-013-80",0,3,161876,
"kafka:gr-raw","2025-04-26T20:58:42.148Z","I_R02_2025-04-27","R1","2025-04-26T20:58:40.308Z","GR86-013-80",0,2,221783,
"kafka:gr-raw","2025-04-26T20:55:00.537Z","I_R02_2025-04-27","R1","2025-04-26T20:54:58.507Z","GR86-013-80",0,1,208800,
"kafka:gr-raw","2025-04-26T20:51:30.601Z","I_R02_2025-04-27","R1","2025-04-26T20:51:29.697Z","GR86-013-80",0,32768,5545180,
"kafka:gr-raw","2025-04-26T21:45:16.619Z","I_R02_2025-04-27","R1","2025-04-26T21:45:15.198Z","GR86-015-31",0,15,252807,
"kafka:gr-raw","2025-04-26T21:41:03.760Z","I_R02_2025-04-27","R1","2025-04-26T21:41:02.358Z","GR86-015-31",0,14,150179,
"kafka:gr-raw","2025-04-26T21:38:32.934Z","I_R02_2025-04-27","R1","2025-04-26T21:38:32.146Z","GR86-015-31",0,13,150664,
"kafka:gr-raw","2025-04-26T21:36:04.289Z","I_R02_2025-04-27","R1","2025-04-26T21:36:01.509Z","GR86-015-31",0,12,151149,
"kafka:gr-raw","2025-04-26T21:33:31.585Z","I_R02_2025-04-27","R1","2025-04-26T21:33:30.331Z","GR86-015-31",0,11,153207,
"kafka:gr-raw","2025-04-26T21:30:58.924Z","I_R02_2025-04-27","R1","2025-04-26T21:30:57.117Z","GR86-015-31",0,10,154179,
"kafka:gr-raw","2025-04-26T21:28:27.319Z","I_R02_2025-04-27","R1","2025-04-26T21:28:22.957Z","GR86-015-31",0,9,152880,
"kafka:gr-raw","2025-04-26T21:25:51.107Z","I_R02_2025-04-27","R1","2025-04-26T21:25:50.077Z","GR86-015-31",0,8,152764,
"kafka:gr-raw","2025-04-26T21:23:18.803Z","I_R02_2025-04-27","R1","2025-04-26T21:23:17.317Z","GR86-015-31",0,7,162131,
"kafka:gr-raw","2025-04-26T21:20:36.015Z","I_R02_2025-04-27","R1","2025-04-26T21:20:35.165Z","GR86-015-31",0,6,743025,
"kafka:gr-raw","2025-04-26T21:08:13.028Z","I_R02_2025-04-27","R1","2025-04-26T21:08:12.148Z","GR86-015-31",0,5,44,
"kafka:gr-raw","2025-04-26T21:08:13.028Z","I_R02_2025-04-27","R1","2025-04-26T21:08:12.078Z","GR86-015-31",0,6,0,
"kafka:gr-raw","2025-04-26T21:08:13.027Z","I_R02_2025-04-27","R1","2025-04-26T21:08:12.077Z","GR86-015-31",0,5,167420,
"kafka:gr-raw","2025-04-26T21:05:25.119Z","I_R02_2025-04-27","R1","2025-04-26T21:05:24.648Z","GR86-015-31",0,4,244090,
"kafka:gr-raw","2025-04-26T21:01:21.306Z","I_R02_2025-04-27","R1","2025-04-26T21:01:20.588Z","GR86-015-31",0,3,161199,
"kafka:gr-raw","2025-04-26T20:58:40.341Z","I_R02_2025-04-27","R1","2025-04-26T20:58:39.358Z","GR86-015-31",0,2,223678,
"kafka:gr-raw","2025-04-26T20:54:56.380Z","I_R02_2025-04-27","R1","2025-04-26T20:54:55.677Z","GR86-015-31",0,1,218901,
"kafka:gr-raw","2025-04-26T20:51:17.135Z","I_R02_2025-04-27","R1","2025-04-26T20:51:16.768Z","GR86-015-31",0,32768,6399021,
"kafka:gr-raw","2025-04-26T21:45:36.740Z","I_R02_2025-04-27","R1","2025-04-26T21:45:34.686Z","GR86-016-55",0,19,288061,
"kafka:gr-raw","2025-04-26T21:40:47.887Z","I_R02_2025-04-27","R1","2025-04-26T21:40:46.621Z","GR86-016-55",0,18,150530,
"kafka:gr-raw","2025-04-26T21:38:16.879Z","I_R02_2025-04-27","R1","2025-04-26T21:38:16.116Z","GR86-016-55",0,17,149170,
"kafka:gr-raw","2025-04-26T21:35:50.704Z","I_R02_2025-04-27","R1","2025-04-26T21:35:46.915Z","GR86-016-55",0,16,149529,
"kafka:gr-raw","2025-04-26T21:33:17.808Z","I_R02_2025-04-27","R1","2025-04-26T21:33:17.405Z","GR86-016-55",0,15,149682,
"kafka:gr-raw","2025-04-26T21:30:48.891Z","I_R02_2025-04-27","R1","2025-04-26T21:30:47.725Z","GR86-016-55",0,14,220300,
"kafka:gr-raw","2025-04-26T21:27:09.844Z","I_R02_2025-04-27","R1","2025-04-26T21:27:07.406Z","GR86-016-55",0,13,212589,
"kafka:gr-raw","2025-04-26T21:23:35.951Z","I_R02_2025-04-27","R1","2025-04-26T21:23:34.806Z","GR86-016-55",0,12,149700,
"kafka:gr-raw","2025-04-26T21:21:06.532Z","I_R02_2025-04-27","R1","2025-04-26T21:21:05.125Z","GR86-016-55",0,11,148711,
"kafka:gr-raw","2025-04-26T21:18:39.520Z","I_R02_2025-04-27","R1","2025-04-26T21:18:36.396Z","GR86-016-55",0,10,148656,
"kafka:gr-raw","2025-04-26T21:16:08.635Z","I_R02_2025-04-27","R1","2025-04-26T21:16:07.725Z","GR86-016-55",0,9,148923,
"kafka:gr-raw","2025-04-26T21:13:39.777Z","I_R02_2025-04-27","R1","2025-04-26T21:13:38.795Z","GR86-016-55",0,8,149031,
"kafka:gr-raw","2025-04-26T21:11:11.434Z","I_R02_2025-04-27","R1","2025-04-26T21:11:09.805Z","GR86-016-55",0,7,148989,
"kafka:gr-raw","2025-04-26T21:08:47.403Z","I_R02_2025-04-27","R1","2025-04-26T21:08:40.805Z","GR86-016-55",0,6,149181,
"kafka:gr-raw","2025-04-26T21:06:15.769Z","I_R02_2025-04-27","R1","2025-04-26T21:06:11.605Z","GR86-016-55",0,5,150605,
"kafka:gr-raw","2025-04-26T21:03:41.917Z","I_R02_2025-04-27","R1","2025-04-26T21:03:40.995Z","GR86-016-55",0,4,149678,
"kafka:gr-raw","2025-04-26T21:01:14.733Z","I_R02_2025-04-27","R1","2025-04-26T21:01:11.326Z","GR86-016-55",0,3,152707,
"kafka:gr-raw","2025-04-26T20:58:41.069Z","I_R02_2025-04-27","R1","2025-04-26T20:58:38.595Z","GR86-016-55",0,2,223800,
"kafka:gr-raw","2025-04-26T20:54:56.111Z","I_R02_2025-04-27","R1","2025-04-26T20:54:54.795Z","GR86-016-55",0,1,391100,
"kafka:gr-raw","2025-04-26T20:48:25.571Z","I_R02_2025-04-27","R1","2025-04-26T20:48:23.726Z","GR86-016-55",0,32768,647599,
"kafka:gr-raw","2025-04-26T21:45:24.162Z","I_R02_2025-04-27","R1","2025-04-26T21:45:23.591Z","GR86-021-86",0,19,252571,
"kafka:gr-raw","2025-04-26T21:41:12.758Z","I_R02_2025-04-27","R1","2025-04-26T21:41:11.031Z","GR86-021-86",0,18,154177,
"kafka:gr-raw","2025-04-26T21:38:37.062Z","I_R02_2025-04-27","R1","2025-04-26T21:38:36.821Z","GR86-021-86",0,17,153914,
"kafka:gr-raw","2025-04-26T21:36:04.270Z","I_R02_2025-04-27","R1","2025-04-26T21:36:02.913Z","GR86-021-86",0,16,153894,
"kafka:gr-raw","2025-04-26T21:33:30.322Z","I_R02_2025-04-27","R1","2025-04-26T21:33:29.000Z","GR86-021-86",0,15,155003,
"kafka:gr-raw","2025-04-26T21:30:54.767Z","I_R02_2025-04-27","R1","2025-04-26T21:30:54.021Z","GR86-021-86",0,14,213714,
"kafka:gr-raw","2025-04-26T21:27:22.064Z","I_R02_2025-04-27","R1","2025-04-26T21:27:20.310Z","GR86-021-86",0,13,165478,
"kafka:gr-raw","2025-04-26T21:24:36.172Z","I_R02_2025-04-27","R1","2025-04-26T21:24:34.797Z","GR86-021-86",0,12,157031,
"kafka:gr-raw","2025-04-26T21:21:59.012Z","I_R02_2025-04-27","R1","2025-04-26T21:21:57.766Z","GR86-021-86",0,11,153689,
"kafka:gr-raw","2025-04-26T21:19:25.828Z","I_R02_2025-04-27","R1","2025-04-26T21:19:24.100Z","GR86-021-86",0,10,153370,
"kafka:gr-raw","2025-04-26T21:16:52.914Z","I_R02_2025-04-27","R1","2025-04-26T21:16:50.701Z","GR86-021-86",0,9,154527,
"kafka:gr-raw","2025-04-26T21:14:17.616Z","I_R02_2025-04-27","R1","2025-04-26T21:14:16.199Z","GR86-021-86",0,8,154888,
"kafka:gr-raw","2025-04-26T21:11:42.317Z","I_R02_2025-04-27","R1","2025-04-26T21:11:41.275Z","GR86-021-86",0,7,153316,
"kafka:gr-raw","2025-04-26T21:09:09.430Z","I_R02_2025-04-27","R1","2025-04-26T21:09:07.990Z","GR86-021-86",0,6,155260,
"kafka:gr-raw","2025-04-26T21:06:33.849Z","I_R02_2025-04-27","R1","2025-04-26T21:06:32.701Z","GR86-021-86",0,5,154720,
"kafka:gr-raw","2025-04-26T21:03:59.727Z","I_R02_2025-04-27","R1","2025-04-26T21:03:57.981Z","GR86-021-86",0,4,154461,
"kafka:gr-raw","2025-04-26T21:01:24.400Z","I_R02_2025-04-27","R1","2025-04-26T21:01:23.511Z","GR86-021-86",0,3,162228,
"kafka:gr-raw","2025-04-26T20:58:42.199Z","I_R02_2025-04-27","R1","2025-04-26T20:58:41.281Z","GR86-021-86",0,2,221892,
"kafka:gr-raw","2025-04-26T20:55:00.420Z","I_R02_2025-04-27","R1","2025-04-26T20:54:59.391Z","GR86-021-86",0,1,206495,
"kafka:gr-raw","2025-04-26T20:51:34.218Z","I_R02_2025-04-27","R1","2025-04-26T20:51:32.886Z","GR86-021-86",0,32768,1167402,
"kafka:gr-raw","2025-04-26T21:45:06.455Z","I_R02_2025-04-27","R1","2025-04-26T21:45:05.244Z","GR86-022-13",0,19,257419,
"kafka:gr-raw","2025-04-26T21:40:48.168Z","I_R02_2025-04-27","R1","2025-04-26T21:40:47.777Z","GR86-022-13",0,18,150891,
"kafka:gr-raw","2025-04-26T21:38:18.579Z","I_R02_2025-04-27","R1","2025-04-26T21:38:16.897Z","GR86-022-13",0,17,150311,
"kafka:gr-raw","2025-04-26T21:35:50.547Z","I_R02_2025-04-27","R1","2025-04-26T21:35:46.607Z","GR86-022-13",0,16,149256,
"kafka:gr-raw","2025-04-26T21:33:17.901Z","I_R02_2025-04-27","R1","2025-04-26T21:33:17.315Z","GR86-022-13",0,15,150000,
"kafka:gr-raw","2025-04-26T21:30:47.703Z","I_R02_2025-04-27","R1","2025-04-26T21:30:47.315Z","GR86-022-13",0,14,221022,
"kafka:gr-raw","2025-04-26T21:27:07.541Z","I_R02_2025-04-27","R1","2025-04-26T21:27:06.294Z","GR86-022-13",0,13,212801,
"kafka:gr-raw","2025-04-26T21:23:34.481Z","I_R02_2025-04-27","R1","2025-04-26T21:23:33.485Z","GR86-022-13",0,12,149200,
"kafka:gr-raw","2025-04-26T21:21:04.574Z","I_R02_2025-04-27","R1","2025-04-26T21:21:04.324Z","GR86-022-13",0,11,148756,
"kafka:gr-raw","2025-04-26T21:18:36.200Z","I_R02_2025-04-27","R1","2025-04-26T21:18:35.534Z","GR86-022-13",0,10,44,
"kafka:gr-raw","2025-04-26T21:18:36.192Z","I_R02_2025-04-27","R1","2025-04-26T21:18:35.526Z","GR86-022-13",0,11,0,
"kafka:gr-raw","2025-04-26T21:18:36.191Z","I_R02_2025-04-27","R1","2025-04-26T21:18:35.524Z","GR86-022-13",0,10,148712,
"kafka:gr-raw","2025-04-26T21:16:08.482Z","I_R02_2025-04-27","R1","2025-04-26T21:16:06.813Z","GR86-022-13",0,9,148887,
"kafka:gr-raw","2025-04-26T21:13:40.173Z","I_R02_2025-04-27","R1","2025-04-26T21:13:37.874Z","GR86-022-13",0,8,148889,
"kafka:gr-raw","2025-04-26T21:11:10.075Z","I_R02_2025-04-27","R1","2025-04-26T21:11:09.004Z","GR86-022-13",0,7,148800,
"kafka:gr-raw","2025-04-26T21:08:40.962Z","I_R02_2025-04-27","R1","2025-04-26T21:08:40.196Z","GR86-022-13",0,6,149601,
"kafka:gr-raw","2025-04-26T21:06:15.487Z","I_R02_2025-04-27","R1","2025-04-26T21:06:10.605Z","GR86-022-13",0,5,150179,
"kafka:gr-raw","2025-04-26T21:03:41.833Z","I_R02_2025-04-27","R1","2025-04-26T21:03:40.394Z","GR86-022-13",0,4,149864,
"kafka:gr-raw","2025-04-26T21:01:14.175Z","I_R02_2025-04-27","R1","2025-04-26T21:01:10.564Z","GR86-022-13",0,3,46,
"kafka:gr-raw","2025-04-26T21:01:14.173Z","I_R02_2025-04-27","R1","2025-04-26T21:01:10.496Z","GR86-022-13",0,4,0,
"kafka:gr-raw","2025-04-26T21:01:14.173Z","I_R02_2025-04-27","R1","2025-04-26T21:01:10.493Z","GR86-022-13",0,3,152575,
"kafka:gr-raw","2025-04-26T20:58:40.690Z","I_R02_2025-04-27","R1","2025-04-26T20:58:37.924Z","GR86-022-13",0,2,223507,
"kafka:gr-raw","2025-04-26T20:54:54.856Z","I_R02_2025-04-27","R1","2025-04-26T20:54:54.394Z","GR86-022-13",0,1,390003,
"kafka:gr-raw","2025-04-26T20:48:25.844Z","I_R02_2025-04-27","R1","2025-04-26T20:48:24.395Z","GR86-022-13",0,32768,1289126,
"kafka:gr-raw","2025-04-26T21:45:08.515Z","I_R02_2025-04-27","R1","2025-04-26T21:45:07.734Z","GR86-024-41",0,19,256657,
"kafka:gr-raw","2025-04-26T21:40:51.432Z","I_R02_2025-04-27","R1","2025-04-26T21:40:51.086Z","GR86-024-41",0,18,151620,
"kafka:gr-raw","2025-04-26T21:38:20.808Z","I_R02_2025-04-27","R1","2025-04-26T21:38:19.506Z","GR86-024-41",0,17,149404,
"kafka:gr-raw","2025-04-26T21:35:50.801Z","I_R02_2025-04-27","R1","2025-04-26T21:35:50.047Z","GR86-024-41",0,16,150119,
"kafka:gr-raw","2025-04-26T21:33:26.075Z","I_R02_2025-04-27","R1","2025-04-26T21:33:19.945Z","GR86-024-41",0,15,151590,
"kafka:gr-raw","2025-04-26T21:30:48.983Z","I_R02_2025-04-27","R1","2025-04-26T21:30:48.341Z","GR86-024-41",0,14,218677,
"kafka:gr-raw","2025-04-26T21:27:11.880Z","I_R02_2025-04-27","R1","2025-04-26T21:27:09.665Z","GR86-024-41",0,13,209393,
"kafka:gr-raw","2025-04-26T21:23:41.165Z","I_R02_2025-04-27","R1","2025-04-26T21:23:40.273Z","GR86-024-41",0,12,149662,
"kafka:gr-raw","2025-04-26T21:21:18.203Z","I_R02_2025-04-27","R1","2025-04-26T21:21:10.604Z","GR86-024-41",0,11,45,
"kafka:gr-raw","2025-04-26T21:21:18.202Z","I_R02_2025-04-27","R1","2025-04-26T21:21:10.595Z","GR86-024-41",0,12,0,
"kafka:gr-raw","2025-04-26T21:21:18.202Z","I_R02_2025-04-27","R1","2025-04-26T21:21:10.593Z","GR86-024-41",0,11,149483,
"kafka:gr-raw","2025-04-26T21:18:43.381Z","I_R02_2025-04-27","R1","2025-04-26T21:18:41.105Z","GR86-024-41",0,10,149484,
"kafka:gr-raw","2025-04-26T21:16:12.207Z","I_R02_2025-04-27","R1","2025-04-26T21:16:11.585Z","GR86-024-41",0,9,149316,
"kafka:gr-raw","2025-04-26T21:13:44.014Z","I_R02_2025-04-27","R1","2025-04-26T21:13:42.265Z","GR86-024-41",0,8,149240,
"kafka:gr-raw","2025-04-26T21:11:14.980Z","I_R02_2025-04-27","R1","2025-04-26T21:11:13.025Z","GR86-024-41",0,7,44,
"kafka:gr-raw","2025-04-26T21:11:14.979Z","I_R02_2025-04-27","R1","2025-04-26T21:11:12.985Z","GR86-024-41",0,7,149908,
"kafka:gr-raw","2025-04-26T21:11:14.978Z","I_R02_2025-04-27","R1","2025-04-26T21:11:12.987Z","GR86-024-41",0,8,0,
"kafka:gr-raw","2025-04-26T21:08:47.545Z","I_R02_2025-04-27","R1","2025-04-26T21:08:43.055Z","GR86-024-41",0,6,150397,
"kafka:gr-raw","2025-04-26T21:06:15.469Z","I_R02_2025-04-27","R1","2025-04-26T21:06:12.654Z","GR86-024-41",0,5,150398,
"kafka:gr-raw","2025-04-26T21:03:47.640Z","I_R02_2025-04-27","R1","2025-04-26T21:03:42.255Z","GR86-024-41",0,4,149975,
"kafka:gr-raw","2025-04-26T21:01:13.672Z","I_R02_2025-04-27","R1","2025-04-26T21:01:12.334Z","GR86-024-41",0,3,153548,
"kafka:gr-raw","2025-04-26T20:58:40.477Z","I_R02_2025-04-27","R1","2025-04-26T20:58:38.744Z","GR86-024-41",0,2,223252,
"kafka:gr-raw","2025-04-26T20:54:56.237Z","I_R02_2025-04-27","R1","2025-04-26T20:54:55.478Z","GR86-024-41",0,1,218310,
"kafka:gr-raw","2025-04-26T20:51:19.168Z","I_R02_2025-04-27","R1","2025-04-26T20:51:17.193Z","GR86-024-41",0,32768,2024615,
"kafka:gr-raw","2025-04-26T21:45:14.416Z","I_R02_2025-04-27","R1","2025-04-26T21:45:12.777Z","GR86-025-47",0,19,258443,
"kafka:gr-raw","2025-04-26T21:40:55.178Z","I_R02_2025-04-27","R1","2025-04-26T21:40:54.334Z","GR86-025-47",0,18,152012,
"kafka:gr-raw","2025-04-26T21:38:24.504Z","I_R02_2025-04-27","R1","2025-04-26T21:38:22.337Z","GR86-025-47",0,17,150211,
"kafka:gr-raw","2025-04-26T21:35:53.064Z","I_R02_2025-04-27","R1","2025-04-26T21:35:52.096Z","GR86-025-47",0,16,150714,
"kafka:gr-raw","2025-04-26T21:33:25.864Z","I_R02_2025-04-27","R1","2025-04-26T21:33:21.377Z","GR86-025-47",0,15,152299,
"kafka:gr-raw","2025-04-26T21:30:50.135Z","I_R02_2025-04-27","R1","2025-04-26T21:30:49.087Z","GR86-025-47",0,14,217097,
"kafka:gr-raw","2025-04-26T21:27:14.065Z","I_R02_2025-04-27","R1","2025-04-26T21:27:11.976Z","GR86-025-47",0,13,204403,
"kafka:gr-raw","2025-04-26T21:23:49.382Z","I_R02_2025-04-27","R1","2025-04-26T21:23:47.771Z","GR86-025-47",0,12,47,
"kafka:gr-raw","2025-04-26T21:23:49.381Z","I_R02_2025-04-27","R1","2025-04-26T21:23:47.770Z","GR86-025-47",0,13,44,
"kafka:gr-raw","2025-04-26T21:23:48.991Z","I_R02_2025-04-27","R1","2025-04-26T21:23:47.768Z","GR86-025-47",0,12,150886,
"kafka:gr-raw","2025-04-26T21:21:19.187Z","I_R02_2025-04-27","R1","2025-04-26T21:21:16.582Z","GR86-025-47",0,11,149814,
"kafka:gr-raw","2025-04-26T21:18:47.833Z","I_R02_2025-04-27","R1","2025-04-26T21:18:46.766Z","GR86-025-47",0,10,150890,
"kafka:gr-raw","2025-04-26T21:16:16.135Z","I_R02_2025-04-27","R1","2025-04-26T21:16:15.897Z","GR86-025-47",0,9,150495,
"kafka:gr-raw","2025-04-26T21:13:46.512Z","I_R02_2025-04-27","R1","2025-04-26T21:13:45.418Z","GR86-025-47",0,8,149675,
"kafka:gr-raw","2025-04-26T21:11:16.804Z","I_R02_2025-04-27","R1","2025-04-26T21:11:15.726Z","GR86-025-47",0,7,150679,
"kafka:gr-raw","2025-04-26T21:08:47.759Z","I_R02_2025-04-27","R1","2025-04-26T21:08:45.127Z","GR86-025-47",0,6,150246,
"kafka:gr-raw","2025-04-26T21:06:15.964Z","I_R02_2025-04-27","R1","2025-04-26T21:06:14.806Z","GR86-025-47",0,5,149888,
"kafka:gr-raw","2025-04-26T21:03:48.902Z","I_R02_2025-04-27","R1","2025-04-26T21:03:44.887Z","GR86-025-47",0,4,151005,
"kafka:gr-raw","2025-04-26T21:01:15.639Z","I_R02_2025-04-27","R1","2025-04-26T21:01:13.896Z","GR86-025-47",0,3,154595,
"kafka:gr-raw","2025-04-26T20:58:40.847Z","I_R02_2025-04-27","R1","2025-04-26T20:58:39.297Z","GR86-025-47",0,2,223277,
"kafka:gr-raw","2025-04-26T20:54:56.561Z","I_R02_2025-04-27","R1","2025-04-26T20:54:56.016Z","GR86-025-47",0,1,214324,
"kafka:gr-raw","2025-04-26T20:51:28.607Z","I_R02_2025-04-27","R1","2025-04-26T20:51:21.672Z","GR86-025-47",0,32768,464916,
"kafka:gr-raw","2025-04-26T21:44:52.498Z","I_R02_2025-04-27","R1","2025-04-26T21:44:50.382Z","GR86-026-72",0,19,242840,
"kafka:gr-raw","2025-04-26T21:40:47.953Z","I_R02_2025-04-27","R1","2025-04-26T21:40:47.552Z","GR86-026-72",0,18,150379,
"kafka:gr-raw","2025-04-26T21:38:18.575Z","I_R02_2025-04-27","R1","2025-04-26T21:38:17.182Z","GR86-026-72",0,17,149763,
"kafka:gr-raw","2025-04-26T21:35:50.544Z","I_R02_2025-04-27","R1","2025-04-26T21:35:47.392Z","GR86-026-72",0,16,149519,
"kafka:gr-raw","2025-04-26T21:33:19.579Z","I_R02_2025-04-27","R1","2025-04-26T21:33:17.862Z","GR86-026-72",0,15,149870,
"kafka:gr-raw","2025-04-26T21:30:49.097Z","I_R02_2025-04-27","R1","2025-04-26T21:30:47.992Z","GR86-026-72",0,14,218815,
"kafka:gr-raw","2025-04-26T21:27:09.795Z","I_R02_2025-04-27","R1","2025-04-26T21:27:09.222Z","GR86-026-72",0,13,213785,
"kafka:gr-raw","2025-04-26T21:23:36.027Z","I_R02_2025-04-27","R1","2025-04-26T21:23:35.392Z","GR86-026-72",0,12,148997,
"kafka:gr-raw","2025-04-26T21:21:09.513Z","I_R02_2025-04-27","R1","2025-04-26T21:21:06.392Z","GR86-026-72",0,11,149293,
"kafka:gr-raw","2025-04-26T21:18:39.929Z","I_R02_2025-04-27","R1","2025-04-26T21:18:37.077Z","GR86-026-72",0,10,148685,
"kafka:gr-raw","2025-04-26T21:16:10.553Z","I_R02_2025-04-27","R1","2025-04-26T21:16:08.393Z","GR86-026-72",0,9,149222,
"kafka:gr-raw","2025-04-26T21:13:40.170Z","I_R02_2025-04-27","R1","2025-04-26T21:13:39.192Z","GR86-026-72",0,8,148905,
"kafka:gr-raw","2025-04-26T21:11:11.286Z","I_R02_2025-04-27","R1","2025-04-26T21:11:10.273Z","GR86-026-72",0,7,149178,
"kafka:gr-raw","2025-04-26T21:08:46.986Z","I_R02_2025-04-27","R1","2025-04-26T21:08:41.113Z","GR86-026-72",0,6,148977,
"kafka:gr-raw","2025-04-26T21:06:15.930Z","I_R02_2025-04-27","R1","2025-04-26T21:06:12.113Z","GR86-026-72",0,5,150833,
"kafka:gr-raw","2025-04-26T21:03:41.831Z","I_R02_2025-04-27","R1","2025-04-26T21:03:41.281Z","GR86-026-72",0,4,149800,
"kafka:gr-raw","2025-04-26T21:01:14.362Z","I_R02_2025-04-27","R1","2025-04-26T21:01:11.519Z","GR86-026-72",0,3,152871,
"kafka:gr-raw","2025-04-26T20:58:40.783Z","I_R02_2025-04-27","R1","2025-04-26T20:58:38.631Z","GR86-026-72",0,2,223597,
"kafka:gr-raw","2025-04-26T20:54:56.411Z","I_R02_2025-04-27","R1","2025-04-26T20:54:54.992Z","GR86-026-72",0,1,221983,
"kafka:gr-raw","2025-04-26T20:51:14.520Z","I_R02_2025-04-27","R1","2025-04-26T20:51:13.051Z","GR86-026-72",0,32768,558382,
"kafka:gr-raw","2025-04-26T21:45:38.140Z","I_R02_2025-04-27","R1","2025-04-26T21:45:37.728Z","GR86-028-89",0,19,274498,
"kafka:gr-raw","2025-04-26T21:41:04.215Z","I_R02_2025-04-27","R1","2025-04-26T21:41:03.237Z","GR86-028-89",0,18,154230,
"kafka:gr-raw","2025-04-26T21:38:30.367Z","I_R02_2025-04-27","R1","2025-04-26T21:38:29.007Z","GR86-028-89",0,17,151278,
"kafka:gr-raw","2025-04-26T21:35:59.491Z","I_R02_2025-04-27","R1","2025-04-26T21:35:57.697Z","GR86-028-89",0,16,150911,
"kafka:gr-raw","2025-04-26T21:33:30.295Z","I_R02_2025-04-27","R1","2025-04-26T21:33:26.808Z","GR86-028-89",0,15,150880,
"kafka:gr-raw","2025-04-26T21:30:57.046Z","I_R02_2025-04-27","R1","2025-04-26T21:30:55.889Z","GR86-028-89",0,14,206100,
"kafka:gr-raw","2025-04-26T21:27:30.198Z","I_R02_2025-04-27","R1","2025-04-26T21:27:29.773Z","GR86-028-89",0,13,156091,
"kafka:gr-raw","2025-04-26T21:24:55.939Z","I_R02_2025-04-27","R1","2025-04-26T21:24:53.687Z","GR86-028-89",0,12,150589,
"kafka:gr-raw","2025-04-26T21:22:24.254Z","I_R02_2025-04-27","R1","2025-04-26T21:22:23.087Z","GR86-028-89",0,11,150411,
"kafka:gr-raw","2025-04-26T21:19:53.922Z","I_R02_2025-04-27","R1","2025-04-26T21:19:52.677Z","GR86-028-89",0,10,150778,
"kafka:gr-raw","2025-04-26T21:17:41.093Z","I_R02_2025-04-27","R1","2025-04-26T21:17:21.878Z","GR86-028-89",0,9,149796,
"kafka:gr-raw","2025-04-26T21:15:01.019Z","I_R02_2025-04-27","R1","2025-04-26T21:14:52.088Z","GR86-028-89",0,8,149755,
"kafka:gr-raw","2025-04-26T21:12:23.046Z","I_R02_2025-04-27","R1","2025-04-26T21:12:22.369Z","GR86-028-89",0,7,149816,
"kafka:gr-raw","2025-04-26T21:09:52.862Z","I_R02_2025-04-27","R1","2025-04-26T21:09:52.493Z","GR86-028-89",0,6,159238,
"kafka:gr-raw","2025-04-26T21:07:14.552Z","I_R02_2025-04-27","R1","2025-04-26T21:07:13.247Z","GR86-028-89",0,5,212550,
"kafka:gr-raw","2025-04-26T21:03:41.938Z","I_R02_2025-04-27","R1","2025-04-26T21:03:40.688Z","GR86-028-89",0,4,149797,
"kafka:gr-raw","2025-04-26T21:01:14.619Z","I_R02_2025-04-27","R1","2025-04-26T21:01:11.077Z","GR86-028-89",0,3,152688,
"kafka:gr-raw","2025-04-26T20:58:40.952Z","I_R02_2025-04-27","R1","2025-04-26T20:58:38.215Z","GR86-028-89",0,2,222874,
"kafka:gr-raw","2025-04-26T20:54:56.439Z","I_R02_2025-04-27","R1","2025-04-26T20:54:55.328Z","GR86-028-89",0,1,220580,
"kafka:gr-raw","2025-04-26T20:51:15.399Z","I_R02_2025-04-27","R1","2025-04-26T20:51:14.727Z","GR86-028-89",0,32768,2336649,
"kafka:gr-raw","2025-04-26T21:45:18.519Z","I_R02_2025-04-27","R1","2025-04-26T21:45:17.060Z","GR86-029-14",0,19,261979,
"kafka:gr-raw","2025-04-26T21:40:55.290Z","I_R02_2025-04-27","R1","2025-04-26T21:40:55.009Z","GR86-029-14",0,18,150385,
"kafka:gr-raw","2025-04-26T21:38:26.436Z","I_R02_2025-04-27","R1","2025-04-26T21:38:24.619Z","GR86-029-14",0,17,150301,
"kafka:gr-raw","2025-04-26T21:35:58.590Z","I_R02_2025-04-27","R1","2025-04-26T21:35:54.339Z","GR86-029-14",0,16,152411,
"kafka:gr-raw","2025-04-26T21:33:25.457Z","I_R02_2025-04-27","R1","2025-04-26T21:33:21.889Z","GR86-029-14",0,15,151204,
"kafka:gr-raw","2025-04-26T21:30:52.781Z","I_R02_2025-04-27","R1","2025-04-26T21:30:50.700Z","GR86-029-14",0,14,215980,
"kafka:gr-raw","2025-04-26T21:27:15.609Z","I_R02_2025-04-27","R1","2025-04-26T21:27:14.739Z","GR86-029-14",0,13,193509,
"kafka:gr-raw","2025-04-26T21:24:03.239Z","I_R02_2025-04-27","R1","2025-04-26T21:24:01.299Z","GR86-029-14",0,12,151913,
"kafka:gr-raw","2025-04-26T21:21:29.913Z","I_R02_2025-04-27","R1","2025-04-26T21:21:29.292Z","GR86-029-14",0,11,152390,
"kafka:gr-raw","2025-04-26T21:18:57.827Z","I_R02_2025-04-27","R1","2025-04-26T21:18:56.901Z","GR86-029-14",0,10,150656,
"kafka:gr-raw","2025-04-26T21:16:26.681Z","I_R02_2025-04-27","R1","2025-04-26T21:16:26.259Z","GR86-029-14",0,9,151540,
"kafka:gr-raw","2025-04-26T21:13:56.196Z","I_R02_2025-04-27","R1","2025-04-26T21:13:54.689Z","GR86-029-14",0,8,153816,
"kafka:gr-raw","2025-04-26T21:11:22.807Z","I_R02_2025-04-27","R1","2025-04-26T21:11:20.899Z","GR86-029-14",0,7,151260,
"kafka:gr-raw","2025-04-26T21:08:50.254Z","I_R02_2025-04-27","R1","2025-04-26T21:08:49.609Z","GR86-029-14",0,6,151616,
"kafka:gr-raw","2025-04-26T21:06:20.003Z","I_R02_2025-04-27","R1","2025-04-26T21:06:17.988Z","GR86-029-14",0,5,151301,
"kafka:gr-raw","2025-04-26T21:03:47.943Z","I_R02_2025-04-27","R1","2025-04-26T21:03:46.709Z","GR86-029-14",0,4,151103,
"kafka:gr-raw","2025-04-26T21:01:15.946Z","I_R02_2025-04-27","R1","2025-04-26T21:01:15.579Z","GR86-029-14",0,3,155457,
"kafka:gr-raw","2025-04-26T20:58:40.998Z","I_R02_2025-04-27","R1","2025-04-26T20:58:40.130Z","GR86-029-14",0,2,223128,
"kafka:gr-raw","2025-04-26T20:54:58.338Z","I_R02_2025-04-27","R1","2025-04-26T20:54:56.984Z","GR86-029-14",0,1,211175,
"kafka:gr-raw","2025-04-26T20:51:28.374Z","I_R02_2025-04-27","R1","2025-04-26T20:51:25.819Z","GR86-029-14",0,32768,1836734,
"kafka:gr-raw","2025-04-26T21:46:08.184Z","I_R02_2025-04-27","R1","2025-04-26T21:46:06.228Z","GR86-030-18",0,19,278528,
"kafka:gr-raw","2025-04-26T21:41:29.686Z","I_R02_2025-04-27","R1","2025-04-26T21:41:27.697Z","GR86-030-18",0,18,164380,
"kafka:gr-raw","2025-04-26T21:38:43.948Z","I_R02_2025-04-27","R1","2025-04-26T21:38:43.308Z","GR86-030-18",0,17,153407,
"kafka:gr-raw","2025-04-26T21:36:14.698Z","I_R02_2025-04-27","R1","2025-04-26T21:36:09.908Z","GR86-030-18",0,16,154700,
"kafka:gr-raw","2025-04-26T21:33:39.766Z","I_R02_2025-04-27","R1","2025-04-26T21:33:35.187Z","GR86-030-18",0,15,158479,
"kafka:gr-raw","2025-04-26T21:30:57.122Z","I_R02_2025-04-27","R1","2025-04-26T21:30:56.708Z","GR86-030-18",0,14,207326,
"kafka:gr-raw","2025-04-26T21:27:30.276Z","I_R02_2025-04-27","R1","2025-04-26T21:27:29.377Z","GR86-030-18",0,13,157000,
"kafka:gr-raw","2025-04-26T21:24:53.607Z","I_R02_2025-04-27","R1","2025-04-26T21:24:52.388Z","GR86-030-18",0,12,158762,
"kafka:gr-raw","2025-04-26T21:22:14.562Z","I_R02_2025-04-27","R1","2025-04-26T21:22:13.617Z","GR86-030-18",0,11,154709,
"kafka:gr-raw","2025-04-26T21:19:39.278Z","I_R02_2025-04-27","R1","2025-04-26T21:19:38.897Z","GR86-030-18",0,10,156914,
"kafka:gr-raw","2025-04-26T21:17:04.083Z","I_R02_2025-04-27","R1","2025-04-26T21:17:01.988Z","GR86-030-18",0,9,156665,
"kafka:gr-raw","2025-04-26T21:14:25.961Z","I_R02_2025-04-27","R1","2025-04-26T21:14:25.347Z","GR86-030-18",0,8,155913,
"kafka:gr-raw","2025-04-26T21:11:50.432Z","I_R02_2025-04-27","R1","2025-04-26T21:11:49.398Z","GR86-030-18",0,7,154844,
"kafka:gr-raw","2025-04-26T21:09:15.408Z","I_R02_2025-04-27","R1","2025-04-26T21:09:14.550Z","GR86-030-18",0,6,43,
"kafka:gr-raw","2025-04-26T21:09:15.408Z","I_R02_2025-04-27","R1","2025-04-26T21:09:14.549Z","GR86-030-18",0,7,0,
"kafka:gr-raw","2025-04-26T21:09:15.408Z","I_R02_2025-04-27","R1","2025-04-26T21:09:14.547Z","GR86-030-18",0,6,156218,
"kafka:gr-raw","2025-04-26T21:06:38.996Z","I_R02_2025-04-27","R1","2025-04-26T21:06:38.282Z","GR86-030-18",0,5,156406,
"kafka:gr-raw","2025-04-26T21:04:02.053Z","I_R02_2025-04-27","R1","2025-04-26T21:04:01.908Z","GR86-030-18",0,4,156794,
"kafka:gr-raw","2025-04-26T21:01:25.713Z","I_R02_2025-04-27","R1","2025-04-26T21:01:25.107Z","GR86-030-18",0,3,163382,
"kafka:gr-raw","2025-04-26T20:58:42.196Z","I_R02_2025-04-27","R1","2025-04-26T20:58:41.696Z","GR86-030-18",0,2,221068,
"kafka:gr-raw","2025-04-26T20:55:01.755Z","I_R02_2025-04-27","R1","2025-04-26T20:55:00.627Z","GR86-030-18",0,1,208399,
"kafka:gr-raw","2025-04-26T20:51:34.205Z","I_R02_2025-04-27","R1","2025-04-26T20:51:32.227Z","GR86-030-18",0,32768,1816999,
"kafka:gr-raw","2025-04-26T21:43:59.337Z","I_R02_2025-04-27","R1","2025-04-26T21:43:57.511Z","GR86-032-15",0,7,184504,
"kafka:gr-raw","2025-04-26T21:12:38.544Z","I_R02_2025-04-27","R1","2025-04-26T21:12:36.092Z","GR86-032-15",0,6,152166,
"kafka:gr-raw","2025-04-26T21:10:05.635Z","I_R02_2025-04-27","R1","2025-04-26T21:10:03.902Z","GR86-032-15",0,5,152122,
"kafka:gr-raw","2025-04-26T21:07:32.864Z","I_R02_2025-04-27","R1","2025-04-26T21:07:31.782Z","GR86-032-15",0,4,151778,
"kafka:gr-raw","2025-04-26T21:05:04.920Z","I_R02_2025-04-27","R1","2025-04-26T21:05:00.063Z","GR86-032-15",0,3,163307,
"kafka:gr-raw","2025-04-26T21:02:16.872Z","I_R02_2025-04-27","R1","2025-04-26T21:02:16.702Z","GR86-032-15",0,2,440661,
"kafka:gr-raw","2025-04-26T20:54:56.524Z","I_R02_2025-04-27","R1","2025-04-26T20:54:56.023Z","GR86-032-15",0,1,209420,
"kafka:gr-raw","2025-04-26T20:51:28.723Z","I_R02_2025-04-27","R1","2025-04-26T20:51:26.612Z","GR86-032-15",0,32768,3490367,
"kafka:gr-raw","2025-04-26T21:44:40.940Z","I_R02_2025-04-27","R1","2025-04-26T21:44:40.500Z","GR86-033-46",0,19,44,
"kafka:gr-raw","2025-04-26T21:44:40.939Z","I_R02_2025-04-27","R1","2025-04-26T21:44:40.382Z","GR86-033-46",0,20,0,
"kafka:gr-raw","2025-04-26T21:44:40.939Z","I_R02_2025-04-27","R1","2025-04-26T21:44:40.380Z","GR86-033-46",0,19,235209,
"kafka:gr-raw","2025-04-26T21:40:46.062Z","I_R02_2025-04-27","R1","2025-04-26T21:40:45.180Z","GR86-033-46",0,18,149957,
"kafka:gr-raw","2025-04-26T21:38:17.132Z","I_R02_2025-04-27","R1","2025-04-26T21:38:15.220Z","GR86-033-46",0,17,149633,
"kafka:gr-raw","2025-04-26T21:35:46.401Z","I_R02_2025-04-27","R1","2025-04-26T21:35:45.581Z","GR86-033-46",0,16,149990,
"kafka:gr-raw","2025-04-26T21:33:16.066Z","I_R02_2025-04-27","R1","2025-04-26T21:33:15.571Z","GR86-033-46",0,15,149191,
"kafka:gr-raw","2025-04-26T21:30:47.546Z","I_R02_2025-04-27","R1","2025-04-26T21:30:46.371Z","GR86-033-46",0,14,221680,
"kafka:gr-raw","2025-04-26T21:27:07.233Z","I_R02_2025-04-27","R1","2025-04-26T21:27:04.691Z","GR86-033-46",0,13,213095,
"kafka:gr-raw","2025-04-26T21:23:33.266Z","I_R02_2025-04-27","R1","2025-04-26T21:23:31.591Z","GR86-033-46",0,12,148994,
"kafka:gr-raw","2025-04-26T21:21:04.687Z","I_R02_2025-04-27","R1","2025-04-26T21:21:02.620Z","GR86-033-46",0,11,148796,
"kafka:gr-raw","2025-04-26T21:18:35.598Z","I_R02_2025-04-27","R1","2025-04-26T21:18:33.820Z","GR86-033-46",0,10,148620,
"kafka:gr-raw","2025-04-26T21:16:06.571Z","I_R02_2025-04-27","R1","2025-04-26T21:16:05.221Z","GR86-033-46",0,9,148545,
"kafka:gr-raw","2025-04-26T21:13:37.457Z","I_R02_2025-04-27","R1","2025-04-26T21:13:36.620Z","GR86-033-46",0,8,149011,
"kafka:gr-raw","2025-04-26T21:11:10.031Z","I_R02_2025-04-27","R1","2025-04-26T21:11:07.621Z","GR86-033-46",0,7,148979,
"kafka:gr-raw","2025-04-26T21:08:40.984Z","I_R02_2025-04-27","R1","2025-04-26T21:08:38.660Z","GR86-033-46",0,6,46,
"kafka:gr-raw","2025-04-26T21:08:40.664Z","I_R02_2025-04-27","R1","2025-04-26T21:08:38.581Z","GR86-033-46",0,7,0,
"kafka:gr-raw","2025-04-26T21:08:40.663Z","I_R02_2025-04-27","R1","2025-04-26T21:08:38.580Z","GR86-033-46",0,6,149032,
"kafka:gr-raw","2025-04-26T21:06:10.147Z","I_R02_2025-04-27","R1","2025-04-26T21:06:09.583Z","GR86-033-46",0,5,43,
"kafka:gr-raw","2025-04-26T21:06:10.147Z","I_R02_2025-04-27","R1","2025-04-26T21:06:09.582Z","GR86-033-46",0,6,0,
"kafka:gr-raw","2025-04-26T21:06:10.146Z","I_R02_2025-04-27","R1","2025-04-26T21:06:09.581Z","GR86-033-46",0,5,150118,
"kafka:gr-raw","2025-04-26T21:03:40.112Z","I_R02_2025-04-27","R1","2025-04-26T21:03:39.380Z","GR86-033-46",0,4,149982,
"kafka:gr-raw","2025-04-26T21:01:13.303Z","I_R02_2025-04-27","R1","2025-04-26T21:01:09.385Z","GR86-033-46",0,3,151690,
"kafka:gr-raw","2025-04-26T20:58:39.672Z","I_R02_2025-04-27","R1","2025-04-26T20:58:37.690Z","GR86-033-46",0,2,223483,
"kafka:gr-raw","2025-04-26T20:54:54.498Z","I_R02_2025-04-27","R1","2025-04-26T20:54:54.221Z","GR86-033-46",0,1,398696,
"kafka:gr-raw","2025-04-26T20:48:16.183Z","I_R02_2025-04-27","R1","2025-04-26T20:48:15.531Z","GR86-033-46",0,32768,1466268,
"kafka:gr-raw","2025-04-26T21:45:52.299Z","I_R02_2025-04-27","R1","2025-04-26T21:45:50.721Z","GR86-035-11",0,12,966095,
"kafka:gr-raw","2025-04-26T21:21:38.555Z","I_R02_2025-04-27","R1","2025-04-26T21:21:38.023Z","GR86-035-11",0,11,152011,
"kafka:gr-raw","2025-04-26T21:19:07.107Z","I_R02_2025-04-27","R1","2025-04-26T21:19:05.983Z","GR86-035-11",0,10,153005,
"kafka:gr-raw","2025-04-26T21:16:34.695Z","I_R02_2025-04-27","R1","2025-04-26T21:16:32.982Z","GR86-035-11",0,9,152451,
"kafka:gr-raw","2025-04-26T21:14:02.154Z","I_R02_2025-04-27","R1","2025-04-26T21:14:00.533Z","GR86-035-11",0,8,152029,
"kafka:gr-raw","2025-04-26T21:11:31.581Z","I_R02_2025-04-27","R1","2025-04-26T21:11:28.494Z","GR86-035-11",0,7,152286,
"kafka:gr-raw","2025-04-26T21:08:58.242Z","I_R02_2025-04-27","R1","2025-04-26T21:08:56.213Z","GR86-035-11",0,6,152320,
"kafka:gr-raw","2025-04-26T21:06:25.697Z","I_R02_2025-04-27","R1","2025-04-26T21:06:23.874Z","GR86-035-11",0,5,152090,
"kafka:gr-raw","2025-04-26T21:03:53.818Z","I_R02_2025-04-27","R1","2025-04-26T21:03:51.773Z","GR86-035-11",0,4,152010,
"kafka:gr-raw","2025-04-26T21:01:21.271Z","I_R02_2025-04-27","R1","2025-04-26T21:01:19.773Z","GR86-035-11",0,3,159019,
"kafka:gr-raw","2025-04-26T20:58:42.016Z","I_R02_2025-04-27","R1","2025-04-26T20:58:40.783Z","GR86-035-11",0,2,223156,
"kafka:gr-raw","2025-04-26T20:55:00.458Z","I_R02_2025-04-27","R1","2025-04-26T20:54:57.583Z","GR86-035-11",0,1,211968,
"kafka:gr-raw","2025-04-26T20:51:28.822Z","I_R02_2025-04-27","R1","2025-04-26T20:51:25.612Z","GR86-035-11",0,32768,1816259,
"kafka:gr-raw","2025-04-26T21:46:44.662Z","I_R02_2025-04-27","R1","2025-04-26T21:46:43.435Z","GR86-036-98",0,20,43279,
"kafka:gr-raw","2025-04-26T21:45:12.899Z","I_R02_2025-04-27","R1","2025-04-26T21:45:11.594Z","GR86-036-98",0,19,259169,
"kafka:gr-raw","2025-04-26T21:40:53.316Z","I_R02_2025-04-27","R1","2025-04-26T21:40:52.399Z","GR86-036-98",0,18,150621,
"kafka:gr-raw","2025-04-26T21:38:24.409Z","I_R02_2025-04-27","R1","2025-04-26T21:38:21.794Z","GR86-036-98",0,17,149970,
"kafka:gr-raw","2025-04-26T21:35:53.146Z","I_R02_2025-04-27","R1","2025-04-26T21:35:51.834Z","GR86-036-98",0,16,151416,
"kafka:gr-raw","2025-04-26T21:33:25.912Z","I_R02_2025-04-27","R1","2025-04-26T21:33:20.394Z","GR86-036-98",0,15,150774,
"kafka:gr-raw","2025-04-26T21:30:50.045Z","I_R02_2025-04-27","R1","2025-04-26T21:30:49.599Z","GR86-036-98",0,14,216768,
"kafka:gr-raw","2025-04-26T21:27:14.022Z","I_R02_2025-04-27","R1","2025-04-26T21:27:12.842Z","GR86-036-98",0,13,204521,
"kafka:gr-raw","2025-04-26T21:23:49.304Z","I_R02_2025-04-27","R1","2025-04-26T21:23:48.316Z","GR86-036-98",0,12,150666,
"kafka:gr-raw","2025-04-26T21:21:20.310Z","I_R02_2025-04-27","R1","2025-04-26T21:21:17.674Z","GR86-036-98",0,11,44,
"kafka:gr-raw","2025-04-26T21:21:20.310Z","I_R02_2025-04-27","R1","2025-04-26T21:21:17.596Z","GR86-036-98",0,12,0,
"kafka:gr-raw","2025-04-26T21:21:20.309Z","I_R02_2025-04-27","R1","2025-04-26T21:21:17.594Z","GR86-036-98",0,11,150401,
"kafka:gr-raw","2025-04-26T21:18:47.895Z","I_R02_2025-04-27","R1","2025-04-26T21:18:47.194Z","GR86-036-98",0,10,150289,
"kafka:gr-raw","2025-04-26T21:16:18.110Z","I_R02_2025-04-27","R1","2025-04-26T21:16:16.905Z","GR86-036-98",0,9,150310,
"kafka:gr-raw","2025-04-26T21:13:46.931Z","I_R02_2025-04-27","R1","2025-04-26T21:13:46.584Z","GR86-036-98",0,8,150479,
"kafka:gr-raw","2025-04-26T21:11:16.626Z","I_R02_2025-04-27","R1","2025-04-26T21:11:16.114Z","GR86-036-98",0,7,150529,
"kafka:gr-raw","2025-04-26T21:08:47.950Z","I_R02_2025-04-27","R1","2025-04-26T21:08:45.586Z","GR86-036-98",0,6,150241,
"kafka:gr-raw","2025-04-26T21:06:16.168Z","I_R02_2025-04-27","R1","2025-04-26T21:06:15.324Z","GR86-036-98",0,5,150225,
"kafka:gr-raw","2025-04-26T21:03:48.767Z","I_R02_2025-04-27","R1","2025-04-26T21:03:45.114Z","GR86-036-98",0,4,150900,
"kafka:gr-raw","2025-04-26T21:01:15.699Z","I_R02_2025-04-27","R1","2025-04-26T21:01:14.235Z","GR86-036-98",0,3,155191,
"kafka:gr-raw","2025-04-26T20:58:40.917Z","I_R02_2025-04-27","R1","2025-04-26T20:58:39.004Z","GR86-036-98",0,2,223304,
"kafka:gr-raw","2025-04-26T20:54:56.078Z","I_R02_2025-04-27","R1","2025-04-26T20:54:55.690Z","GR86-036-98",0,1,215470,
"kafka:gr-raw","2025-04-26T20:51:28.475Z","I_R02_2025-04-27","R1","2025-04-26T20:51:20.212Z","GR86-036-98",0,32768,1618648,
"kafka:gr-raw","2025-04-26T21:45:18.735Z","I_R02_2025-04-27","R1","2025-04-26T21:45:18.575Z","GR86-037-03",0,19,258790,
"kafka:gr-raw","2025-04-26T21:41:00.303Z","I_R02_2025-04-27","R1","2025-04-26T21:40:59.815Z","GR86-037-03",0,18,151279,
"kafka:gr-raw","2025-04-26T21:38:30.191Z","I_R02_2025-04-27","R1","2025-04-26T21:38:28.494Z","GR86-037-03",0,17,151598,
"kafka:gr-raw","2025-04-26T21:35:59.405Z","I_R02_2025-04-27","R1","2025-04-26T21:35:56.894Z","GR86-037-03",0,16,152312,
"kafka:gr-raw","2025-04-26T21:33:25.683Z","I_R02_2025-04-27","R1","2025-04-26T21:33:24.615Z","GR86-037-03",0,15,152010,
"kafka:gr-raw","2025-04-26T21:30:52.949Z","I_R02_2025-04-27","R1","2025-04-26T21:30:52.575Z","GR86-037-03",0,14,215390,
"kafka:gr-raw","2025-04-26T21:27:17.572Z","I_R02_2025-04-27","R1","2025-04-26T21:27:17.175Z","GR86-037-03",0,13,187110,
"kafka:gr-raw","2025-04-26T21:24:13.146Z","I_R02_2025-04-27","R1","2025-04-26T21:24:10.304Z","GR86-037-03",0,12,152890,
"kafka:gr-raw","2025-04-26T21:21:38.355Z","I_R02_2025-04-27","R1","2025-04-26T21:21:37.174Z","GR86-037-03",0,11,151200,
"kafka:gr-raw","2025-04-26T21:19:06.995Z","I_R02_2025-04-27","R1","2025-04-26T21:19:05.965Z","GR86-037-03",0,10,152757,
"kafka:gr-raw","2025-04-26T21:16:34.671Z","I_R02_2025-04-27","R1","2025-04-26T21:16:33.214Z","GR86-037-03",0,9,151824,
"kafka:gr-raw","2025-04-26T21:14:02.021Z","I_R02_2025-04-27","R1","2025-04-26T21:14:01.415Z","GR86-037-03",0,8,151690,
"kafka:gr-raw","2025-04-26T21:11:30.997Z","I_R02_2025-04-27","R1","2025-04-26T21:11:29.695Z","GR86-037-03",0,7,151529,
"kafka:gr-raw","2025-04-26T21:08:59.462Z","I_R02_2025-04-27","R1","2025-04-26T21:08:58.174Z","GR86-037-03",0,6,152590,
"kafka:gr-raw","2025-04-26T21:06:25.857Z","I_R02_2025-04-27","R1","2025-04-26T21:06:25.575Z","GR86-037-03",0,5,152899,
"kafka:gr-raw","2025-04-26T21:03:53.689Z","I_R02_2025-04-27","R1","2025-04-26T21:03:52.694Z","GR86-037-03",0,4,152359,
"kafka:gr-raw","2025-04-26T21:01:21.291Z","I_R02_2025-04-27","R1","2025-04-26T21:01:20.343Z","GR86-037-03",0,3,160131,
"kafka:gr-raw","2025-04-26T20:58:41.075Z","I_R02_2025-04-27","R1","2025-04-26T20:58:40.164Z","GR86-037-03",0,2,222891,
"kafka:gr-raw","2025-04-26T20:54:58.211Z","I_R02_2025-04-27","R1","2025-04-26T20:54:57.259Z","GR86-037-03",0,1,214178,
"kafka:gr-raw","2025-04-26T20:51:24.603Z","I_R02_2025-04-27","R1","2025-04-26T20:51:23.094Z","GR86-037-03",0,32768,627466,
"kafka:gr-raw","2025-04-26T21:45:26.204Z","I_R02_2025-04-27","R1","2025-04-26T21:45:25.298Z","GR86-038-93",0,19,265198,
"kafka:gr-raw","2025-04-26T21:41:00.352Z","I_R02_2025-04-27","R1","2025-04-26T21:41:00.098Z","GR86-038-93",0,18,151421,
"kafka:gr-raw","2025-04-26T21:38:30.154Z","I_R02_2025-04-27","R1","2025-04-26T21:38:28.698Z","GR86-038-93",0,17,152766,
"kafka:gr-raw","2025-04-26T21:35:58.961Z","I_R02_2025-04-27","R1","2025-04-26T21:35:55.939Z","GR86-038-93",0,16,152180,
"kafka:gr-raw","2025-04-26T21:33:25.975Z","I_R02_2025-04-27","R1","2025-04-26T21:33:23.738Z","GR86-038-93",0,15,151501,
"kafka:gr-raw","2025-04-26T21:30:52.689Z","I_R02_2025-04-27","R1","2025-04-26T21:30:52.218Z","GR86-038-93",0,14,215989,
"kafka:gr-raw","2025-04-26T21:27:17.676Z","I_R02_2025-04-27","R1","2025-04-26T21:27:16.219Z","GR86-038-93",0,13,193921,
"kafka:gr-raw","2025-04-26T21:24:03.394Z","I_R02_2025-04-27","R1","2025-04-26T21:24:02.301Z","GR86-038-93",0,12,151579,
"kafka:gr-raw","2025-04-26T21:21:31.144Z","I_R02_2025-04-27","R1","2025-04-26T21:21:30.704Z","GR86-038-93",0,11,151621,
"kafka:gr-raw","2025-04-26T21:19:03.277Z","I_R02_2025-04-27","R1","2025-04-26T21:18:59.089Z","GR86-038-93",0,10,151305,
"kafka:gr-raw","2025-04-26T21:16:33.671Z","I_R02_2025-04-27","R1","2025-04-26T21:16:27.818Z","GR86-038-93",0,9,152294,
"kafka:gr-raw","2025-04-26T21:13:56.444Z","I_R02_2025-04-27","R1","2025-04-26T21:13:55.499Z","GR86-038-93",0,8,151473,
"kafka:gr-raw","2025-04-26T21:11:24.305Z","I_R02_2025-04-27","R1","2025-04-26T21:11:24.008Z","GR86-038-93",0,7,151196,
"kafka:gr-raw","2025-04-26T21:08:53.713Z","I_R02_2025-04-27","R1","2025-04-26T21:08:53.060Z","GR86-038-93",0,6,152413,
"kafka:gr-raw","2025-04-26T21:06:22.316Z","I_R02_2025-04-27","R1","2025-04-26T21:06:20.384Z","GR86-038-93",0,5,151907,
"kafka:gr-raw","2025-04-26T21:03:49.301Z","I_R02_2025-04-27","R1","2025-04-26T21:03:48.499Z","GR86-038-93",0,4,151770,
"kafka:gr-raw","2025-04-26T21:01:20.904Z","I_R02_2025-04-27","R1","2025-04-26T21:01:16.738Z","GR86-038-93",0,3,157120,
"kafka:gr-raw","2025-04-26T20:58:41.029Z","I_R02_2025-04-27","R1","2025-04-26T20:58:39.626Z","GR86-038-93",0,2,222989,
"kafka:gr-raw","2025-04-26T20:55:00.082Z","I_R02_2025-04-27","R1","2025-04-26T20:54:56.626Z","GR86-038-93",0,1,213892,
"kafka:gr-raw","2025-04-26T20:51:28.249Z","I_R02_2025-04-27","R1","2025-04-26T20:51:22.706Z","GR86-038-93",0,32768,478823,
"kafka:gr-raw","2025-04-26T21:45:52.104Z","I_R02_2025-04-27","R1","2025-04-26T21:45:50.825Z","GR86-040-3",0,19,283708,
"kafka:gr-raw","2025-04-26T21:41:08.372Z","I_R02_2025-04-27","R1","2025-04-26T21:41:07.096Z","GR86-040-3",0,18,154587,
"kafka:gr-raw","2025-04-26T21:38:33.162Z","I_R02_2025-04-27","R1","2025-04-26T21:38:32.506Z","GR86-040-3",0,17,152168,
"kafka:gr-raw","2025-04-26T21:36:03.943Z","I_R02_2025-04-27","R1","2025-04-26T21:36:00.347Z","GR86-040-3",0,16,153952,
"kafka:gr-raw","2025-04-26T21:33:30.215Z","I_R02_2025-04-27","R1","2025-04-26T21:33:26.386Z","GR86-040-3",0,15,153194,
"kafka:gr-raw","2025-04-26T21:30:54.900Z","I_R02_2025-04-27","R1","2025-04-26T21:30:53.176Z","GR86-040-3",0,14,214993,
"kafka:gr-raw","2025-04-26T21:27:19.761Z","I_R02_2025-04-27","R1","2025-04-26T21:27:18.188Z","GR86-040-3",0,13,175881,
"kafka:gr-raw","2025-04-26T21:24:25.271Z","I_R02_2025-04-27","R1","2025-04-26T21:24:22.296Z","GR86-040-3",0,12,152766,
"kafka:gr-raw","2025-04-26T21:21:50.122Z","I_R02_2025-04-27","R1","2025-04-26T21:21:49.546Z","GR86-040-3",0,11,152414,
"kafka:gr-raw","2025-04-26T21:19:18.459Z","I_R02_2025-04-27","R1","2025-04-26T21:19:17.146Z","GR86-040-3",0,10,151924,
"kafka:gr-raw","2025-04-26T21:16:50.813Z","I_R02_2025-04-27","R1","2025-04-26T21:16:45.216Z","GR86-040-3",0,9,153005,
"kafka:gr-raw","2025-04-26T21:14:13.685Z","I_R02_2025-04-27","R1","2025-04-26T21:14:12.177Z","GR86-040-3",0,8,152601,
"kafka:gr-raw","2025-04-26T21:11:40.894Z","I_R02_2025-04-27","R1","2025-04-26T21:11:39.586Z","GR86-040-3",0,7,152600,
"kafka:gr-raw","2025-04-26T21:09:07.350Z","I_R02_2025-04-27","R1","2025-04-26T21:09:06.986Z","GR86-040-3",0,6,153878,
"kafka:gr-raw","2025-04-26T21:06:33.966Z","I_R02_2025-04-27","R1","2025-04-26T21:06:33.106Z","GR86-040-3",0,5,153601,
"kafka:gr-raw","2025-04-26T21:04:00.379Z","I_R02_2025-04-27","R1","2025-04-26T21:03:59.507Z","GR86-040-3",0,4,156985,
"kafka:gr-raw","2025-04-26T21:01:24.557Z","I_R02_2025-04-27","R1","2025-04-26T21:01:22.506Z","GR86-040-3",0,3,161612,
"kafka:gr-raw","2025-04-26T20:58:42.299Z","I_R02_2025-04-27","R1","2025-04-26T20:58:40.947Z","GR86-040-3",0,2,222776,
"kafka:gr-raw","2025-04-26T20:55:00.501Z","I_R02_2025-04-27","R1","2025-04-26T20:54:58.106Z","GR86-040-3",0,1,210804,
"kafka:gr-raw","2025-04-26T20:51:30.178Z","I_R02_2025-04-27","R1","2025-04-26T20:51:27.307Z","GR86-040-3",0,32768,5207498,
"kafka:gr-raw","2025-04-26T21:46:03.093Z","I_R02_2025-04-27","R1","2025-04-26T21:46:02.616Z","GR86-041-73",0,19,273795,
"kafka:gr-raw","2025-04-26T21:41:29.785Z","I_R02_2025-04-27","R1","2025-04-26T21:41:28.815Z","GR86-041-73",0,18,155431,
"kafka:gr-raw","2025-04-26T21:38:54.754Z","I_R02_2025-04-27","R1","2025-04-26T21:38:53.376Z","GR86-041-73",0,17,157195,
"kafka:gr-raw","2025-04-26T21:36:17.219Z","I_R02_2025-04-27","R1","2025-04-26T21:36:16.181Z","GR86-041-73",0,16,170253,
"kafka:gr-raw","2025-04-26T21:33:30.024Z","I_R02_2025-04-27","R1","2025-04-26T21:33:25.936Z","GR86-041-73",0,15,152909,
"kafka:gr-raw","2025-04-26T21:30:54.693Z","I_R02_2025-04-27","R1","2025-04-26T21:30:53.024Z","GR86-041-73",0,14,215292,
"kafka:gr-raw","2025-04-26T21:27:19.635Z","I_R02_2025-04-27","R1","2025-04-26T21:27:17.726Z","GR86-041-73",0,13,177514,
"kafka:gr-raw","2025-04-26T21:24:24.983Z","I_R02_2025-04-27","R1","2025-04-26T21:24:20.216Z","GR86-041-73",0,12,153222,
"kafka:gr-raw","2025-04-26T21:21:48.589Z","I_R02_2025-04-27","R1","2025-04-26T21:21:46.966Z","GR86-041-73",0,11,152091,
"kafka:gr-raw","2025-04-26T21:19:16.396Z","I_R02_2025-04-27","R1","2025-04-26T21:19:14.896Z","GR86-041-73",0,10,152593,
"kafka:gr-raw","2025-04-26T21:16:50.273Z","I_R02_2025-04-27","R1","2025-04-26T21:16:42.286Z","GR86-041-73",0,9,153661,
"kafka:gr-raw","2025-04-26T21:14:09.722Z","I_R02_2025-04-27","R1","2025-04-26T21:14:08.656Z","GR86-041-73",0,8,153424,
"kafka:gr-raw","2025-04-26T21:11:36.523Z","I_R02_2025-04-27","R1","2025-04-26T21:11:35.186Z","GR86-041-73",0,7,152994,
"kafka:gr-raw","2025-04-26T21:09:03.676Z","I_R02_2025-04-27","R1","2025-04-26T21:09:02.218Z","GR86-041-73",0,6,154102,
"kafka:gr-raw","2025-04-26T21:06:28.579Z","I_R02_2025-04-27","R1","2025-04-26T21:06:28.096Z","GR86-041-73",0,5,152605,
"kafka:gr-raw","2025-04-26T21:03:59.697Z","I_R02_2025-04-27","R1","2025-04-26T21:03:55.496Z","GR86-041-73",0,4,154693,
"kafka:gr-raw","2025-04-26T21:01:21.312Z","I_R02_2025-04-27","R1","2025-04-26T21:01:20.783Z","GR86-041-73",0,3,160198,
"kafka:gr-raw","2025-04-26T20:58:42.287Z","I_R02_2025-04-27","R1","2025-04-26T20:58:40.624Z","GR86-041-73",0,2,221204,
"kafka:gr-raw","2025-04-26T20:55:00.323Z","I_R02_2025-04-27","R1","2025-04-26T20:54:59.416Z","GR86-041-73",0,1,210380,
"kafka:gr-raw","2025-04-26T20:51:30.288Z","I_R02_2025-04-27","R1","2025-04-26T20:51:28.991Z","GR86-041-73",0,32768,3393532,
"kafka:gr-raw","2025-04-26T21:45:03.463Z","I_R02_2025-04-27","R1","2025-04-26T21:45:02.359Z","GR86-047-21",0,19,250282,
"kafka:gr-raw","2025-04-26T21:40:53.365Z","I_R02_2025-04-27","R1","2025-04-26T21:40:52.089Z","GR86-047-21",0,18,151909,
"kafka:gr-raw","2025-04-26T21:38:20.785Z","I_R02_2025-04-27","R1","2025-04-26T21:38:20.169Z","GR86-047-21",0,17,149779,
"kafka:gr-raw","2025-04-26T21:35:50.915Z","I_R02_2025-04-27","R1","2025-04-26T21:35:50.399Z","GR86-047-21",0,16,150309,
"kafka:gr-raw","2025-04-26T21:33:26.007Z","I_R02_2025-04-27","R1","2025-04-26T21:33:20.054Z","GR86-047-21",0,15,151283,
"kafka:gr-raw","2025-04-26T21:30:50.092Z","I_R02_2025-04-27","R1","2025-04-26T21:30:48.809Z","GR86-047-21",0,14,217408,
"kafka:gr-raw","2025-04-26T21:27:11.836Z","I_R02_2025-04-27","R1","2025-04-26T21:27:11.369Z","GR86-047-21",0,13,208800,
"kafka:gr-raw","2025-04-26T21:23:45.057Z","I_R02_2025-04-27","R1","2025-04-26T21:23:43.301Z","GR86-047-21",0,12,150300,
"kafka:gr-raw","2025-04-26T21:21:18.846Z","I_R02_2025-04-27","R1","2025-04-26T21:21:12.289Z","GR86-047-21",0,11,149878,
"kafka:gr-raw","2025-04-26T21:18:43.598Z","I_R02_2025-04-27","R1","2025-04-26T21:18:42.369Z","GR86-047-21",0,10,149713,
"kafka:gr-raw","2025-04-26T21:16:14.429Z","I_R02_2025-04-27","R1","2025-04-26T21:16:12.679Z","GR86-047-21",0,9,148983,
"kafka:gr-raw","2025-04-26T21:13:44.908Z","I_R02_2025-04-27","R1","2025-04-26T21:13:43.659Z","GR86-047-21",0,8,148992,
"kafka:gr-raw","2025-04-26T21:11:15.266Z","I_R02_2025-04-27","R1","2025-04-26T21:11:14.690Z","GR86-047-21",0,7,149514,
"kafka:gr-raw","2025-04-26T21:08:47.342Z","I_R02_2025-04-27","R1","2025-04-26T21:08:45.177Z","GR86-047-21",0,6,150778,
"kafka:gr-raw","2025-04-26T21:06:16.062Z","I_R02_2025-04-27","R1","2025-04-26T21:06:14.410Z","GR86-047-21",0,5,150111,
"kafka:gr-raw","2025-04-26T21:03:47.522Z","I_R02_2025-04-27","R1","2025-04-26T21:03:44.289Z","GR86-047-21",0,4,150590,
"kafka:gr-raw","2025-04-26T21:01:14.762Z","I_R02_2025-04-27","R1","2025-04-26T21:01:13.690Z","GR86-047-21",0,3,154794,
"kafka:gr-raw","2025-04-26T20:58:40.618Z","I_R02_2025-04-27","R1","2025-04-26T20:58:38.864Z","GR86-047-21",0,2,223694,
"kafka:gr-raw","2025-04-26T20:54:56.493Z","I_R02_2025-04-27","R1","2025-04-26T20:54:55.249Z","GR86-047-21",0,1,222997,
"kafka:gr-raw","2025-04-26T20:51:12.864Z","I_R02_2025-04-27","R1","2025-04-26T20:51:12.169Z","GR86-047-21",0,32768,2213321,
"kafka:gr-raw","2025-04-26T21:45:14.739Z","I_R02_2025-04-27","R1","2025-04-26T21:45:13.782Z","GR86-049-88",0,19,259210,
"kafka:gr-raw","2025-04-26T21:40:55.283Z","I_R02_2025-04-27","R1","2025-04-26T21:40:54.552Z","GR86-049-88",0,18,151380,
"kafka:gr-raw","2025-04-26T21:38:24.792Z","I_R02_2025-04-27","R1","2025-04-26T21:38:23.221Z","GR86-049-88",0,17,149632,
"kafka:gr-raw","2025-04-26T21:35:58.586Z","I_R02_2025-04-27","R1","2025-04-26T21:35:53.541Z","GR86-049-88",0,16,151384,
"kafka:gr-raw","2025-04-26T21:33:26.073Z","I_R02_2025-04-27","R1","2025-04-26T21:33:22.172Z","GR86-049-88",0,15,151008,
"kafka:gr-raw","2025-04-26T21:30:52.550Z","I_R02_2025-04-27","R1","2025-04-26T21:30:51.162Z","GR86-049-88",0,14,215976,
"kafka:gr-raw","2025-04-26T21:27:15.881Z","I_R02_2025-04-27","R1","2025-04-26T21:27:15.157Z","GR86-049-88",0,13,193586,
"kafka:gr-raw","2025-04-26T21:24:03.458Z","I_R02_2025-04-27","R1","2025-04-26T21:24:01.581Z","GR86-049-88",0,12,151826,
"kafka:gr-raw","2025-04-26T21:21:31.089Z","I_R02_2025-04-27","R1","2025-04-26T21:21:29.742Z","GR86-049-88",0,11,152587,
"kafka:gr-raw","2025-04-26T21:18:58.009Z","I_R02_2025-04-27","R1","2025-04-26T21:18:57.181Z","GR86-049-88",0,10,150193,
"kafka:gr-raw","2025-04-26T21:16:32.957Z","I_R02_2025-04-27","R1","2025-04-26T21:16:26.957Z","GR86-049-88",0,9,152195,
"kafka:gr-raw","2025-04-26T21:13:56.400Z","I_R02_2025-04-27","R1","2025-04-26T21:13:54.765Z","GR86-049-88",0,8,152581,
"kafka:gr-raw","2025-04-26T21:11:23.241Z","I_R02_2025-04-27","R1","2025-04-26T21:11:22.182Z","GR86-049-88",0,7,150413,
"kafka:gr-raw","2025-04-26T21:08:52.343Z","I_R02_2025-04-27","R1","2025-04-26T21:08:51.782Z","GR86-049-88",0,6,150220,
"kafka:gr-raw","2025-04-26T21:06:22.267Z","I_R02_2025-04-27","R1","2025-04-26T21:06:21.531Z","GR86-049-88",0,5,150575,
"kafka:gr-raw","2025-04-26T21:03:53.760Z","I_R02_2025-04-27","R1","2025-04-26T21:03:50.982Z","GR86-049-88",0,4,151012,
"kafka:gr-raw","2025-04-26T21:01:21.437Z","I_R02_2025-04-27","R1","2025-04-26T21:01:19.952Z","GR86-049-88",0,3,159936,
"kafka:gr-raw","2025-04-26T20:58:40.997Z","I_R02_2025-04-27","R1","2025-04-26T20:58:40.021Z","GR86-049-88",0,2,44,
"kafka:gr-raw","2025-04-26T20:58:40.997Z","I_R02_2025-04-27","R1","2025-04-26T20:58:39.982Z","GR86-049-88",0,2,223594,
"kafka:gr-raw","2025-04-26T20:58:40.997Z","I_R02_2025-04-27","R1","2025-04-26T20:58:39.983Z","GR86-049-88",0,3,0,
"kafka:gr-raw","2025-04-26T20:55:00.158Z","I_R02_2025-04-27","R1","2025-04-26T20:54:56.383Z","GR86-049-88",0,1,213971,
"kafka:gr-raw","2025-04-26T20:51:28.746Z","I_R02_2025-04-27","R1","2025-04-26T20:51:22.400Z","GR86-049-88",0,32768,44,
"kafka:gr-raw","2025-04-26T20:51:28.745Z","I_R02_2025-04-27","R1","2025-04-26T20:51:22.383Z","GR86-049-88",0,1,0,
"kafka:gr-raw","2025-04-26T20:51:28.745Z","I_R02_2025-04-27","R1","2025-04-26T20:51:22.382Z","GR86-049-88",0,32768,300068,
"kafka:gr-raw","2025-04-26T20:46:25.171Z","I_R02_2025-04-27","R1","2025-04-26T20:46:22.286Z","GR86-049-88",0,0,27969,
"kafka:gr-raw","2025-04-26T20:45:56.217Z","I_R02_2025-04-27","R1","2025-04-26T20:45:54.338Z","GR86-049-88",0,32768,4015452,
"kafka:gr-raw","2025-04-26T21:45:12.327Z","I_R02_2025-04-27","R1","2025-04-26T21:45:09.393Z","GR86-051-71",0,5,257665,
"kafka:gr-raw","2025-04-26T21:40:53.420Z","I_R02_2025-04-27","R1","2025-04-26T21:40:51.688Z","GR86-051-71",0,4,34316,
"kafka:gr-raw","2025-04-26T21:40:18.930Z","I_R02_2025-04-27","R1","2025-04-26T21:40:17.392Z","GR86-051-71",0,3,265906,
"kafka:gr-raw","2025-04-26T21:35:53.023Z","I_R02_2025-04-27","R1","2025-04-26T21:35:51.462Z","GR86-051-71",0,2,150590,
"kafka:gr-raw","2025-04-26T21:33:25.755Z","I_R02_2025-04-27","R1","2025-04-26T21:33:20.863Z","GR86-051-71",0,1,150530,
"kafka:gr-raw","2025-04-26T21:30:52.588Z","I_R02_2025-04-27","R1","2025-04-26T21:30:50.352Z","GR86-051-71",0,32768,64179,
"kafka:gr-raw","2025-04-26T21:29:51.279Z","I_R02_2025-04-27","R1","2025-04-26T21:29:46.153Z","GR86-051-71",0,13,139071,
"kafka:gr-raw","2025-04-26T21:27:28.533Z","I_R02_2025-04-27","R1","2025-04-26T21:27:27.120Z","GR86-051-71",0,12,151939,
"kafka:gr-raw","2025-04-26T21:24:56.025Z","I_R02_2025-04-27","R1","2025-04-26T21:24:55.192Z","GR86-051-71",0,11,213831,
"kafka:gr-raw","2025-04-26T21:21:23.939Z","I_R02_2025-04-27","R1","2025-04-26T21:21:21.313Z","GR86-051-71",0,10,149544,
"kafka:gr-raw","2025-04-26T21:18:52.396Z","I_R02_2025-04-27","R1","2025-04-26T21:18:51.833Z","GR86-051-71",0,9,149600,
"kafka:gr-raw","2025-04-26T21:16:22.434Z","I_R02_2025-04-27","R1","2025-04-26T21:16:22.142Z","GR86-051-71",0,8,149977,
"kafka:gr-raw","2025-04-26T21:13:52.826Z","I_R02_2025-04-27","R1","2025-04-26T21:13:52.193Z","GR86-051-71",0,7,151214,
"kafka:gr-raw","2025-04-26T21:11:22.972Z","I_R02_2025-04-27","R1","2025-04-26T21:11:20.992Z","GR86-051-71",0,6,150875,
"kafka:gr-raw","2025-04-26T21:08:50.483Z","I_R02_2025-04-27","R1","2025-04-26T21:08:50.113Z","GR86-051-71",0,5,150424,
"kafka:gr-raw","2025-04-26T21:06:20.461Z","I_R02_2025-04-27","R1","2025-04-26T21:06:19.663Z","GR86-051-71",0,4,150680,
"kafka:gr-raw","2025-04-26T21:03:53.932Z","I_R02_2025-04-27","R1","2025-04-26T21:03:48.952Z","GR86-051-71",0,3,150014,
"kafka:gr-raw","2025-04-26T21:01:21.315Z","I_R02_2025-04-27","R1","2025-04-26T21:01:18.942Z","GR86-051-71",0,2,156900,
"kafka:gr-raw","2025-04-26T20:58:42.474Z","I_R02_2025-04-27","R1","2025-04-26T20:58:42.070Z","GR86-051-71",0,1,423682,
"kafka:gr-raw","2025-04-26T20:51:39.330Z","I_R02_2025-04-27","R1","2025-04-26T20:51:38.352Z","GR86-051-71",0,32768,2218485,
"kafka:gr-raw","2025-04-26T21:45:56.998Z","I_R02_2025-04-27","R1","2025-04-26T21:45:54.231Z","GR86-057-57",0,19,278124,
"kafka:gr-raw","2025-04-26T21:41:17.394Z","I_R02_2025-04-27","R1","2025-04-26T21:41:16.101Z","GR86-057-57",0,18,154997,
"kafka:gr-raw","2025-04-26T21:38:42.301Z","I_R02_2025-04-27","R1","2025-04-26T21:38:41.093Z","GR86-057-57",0,17,153715,
"kafka:gr-raw","2025-04-26T21:36:08.182Z","I_R02_2025-04-27","R1","2025-04-26T21:36:07.391Z","GR86-057-57",0,16,157685,
"kafka:gr-raw","2025-04-26T21:33:30.609Z","I_R02_2025-04-27","R1","2025-04-26T21:33:29.711Z","GR86-057-57",0,15,155004,
"kafka:gr-raw","2025-04-26T21:30:55.065Z","I_R02_2025-04-27","R1","2025-04-26T21:30:54.711Z","GR86-057-57",0,14,212195,
"kafka:gr-raw","2025-04-26T21:27:24.264Z","I_R02_2025-04-27","R1","2025-04-26T21:27:22.510Z","GR86-057-57",0,13,162100,
"kafka:gr-raw","2025-04-26T21:24:44.147Z","I_R02_2025-04-27","R1","2025-04-26T21:24:40.391Z","GR86-057-57",0,12,158373,
"kafka:gr-raw","2025-04-26T21:22:05.507Z","I_R02_2025-04-27","R1","2025-04-26T21:22:01.996Z","GR86-057-57",0,11,154093,
"kafka:gr-raw","2025-04-26T21:19:28.422Z","I_R02_2025-04-27","R1","2025-04-26T21:19:27.911Z","GR86-057-57",0,10,154125,
"kafka:gr-raw","2025-04-26T21:16:54.701Z","I_R02_2025-04-27","R1","2025-04-26T21:16:53.791Z","GR86-057-57",0,9,153600,
"kafka:gr-raw","2025-04-26T21:14:21.355Z","I_R02_2025-04-27","R1","2025-04-26T21:14:20.173Z","GR86-057-57",0,8,154582,
"kafka:gr-raw","2025-04-26T21:11:45.814Z","I_R02_2025-04-27","R1","2025-04-26T21:11:45.581Z","GR86-057-57",0,7,155508,
"kafka:gr-raw","2025-04-26T21:09:11.845Z","I_R02_2025-04-27","R1","2025-04-26T21:09:10.111Z","GR86-057-57",0,6,153980,
"kafka:gr-raw","2025-04-26T21:06:36.887Z","I_R02_2025-04-27","R1","2025-04-26T21:06:36.101Z","GR86-057-57",0,5,155304,
"kafka:gr-raw","2025-04-26T21:04:02.084Z","I_R02_2025-04-27","R1","2025-04-26T21:04:00.782Z","GR86-057-57",0,4,156416,
"kafka:gr-raw","2025-04-26T21:01:24.861Z","I_R02_2025-04-27","R1","2025-04-26T21:01:24.381Z","GR86-057-57",0,3,162597,
"kafka:gr-raw","2025-04-26T20:58:42.286Z","I_R02_2025-04-27","R1","2025-04-26T20:58:41.790Z","GR86-057-57",0,2,221100,
"kafka:gr-raw","2025-04-26T20:55:01.671Z","I_R02_2025-04-27","R1","2025-04-26T20:55:00.671Z","GR86-057-57",0,1,207023,
"kafka:gr-raw","2025-04-26T20:51:34.088Z","I_R02_2025-04-27","R1","2025-04-26T20:51:33.631Z","GR86-057-57",0,32768,1371236,
"kafka:gr-raw","2025-04-26T21:43:35.066Z","I_R02_2025-04-27","R1","2025-04-26T21:43:33.659Z","GR86-061-51",0,32768,44799,
"kafka:gr-raw","2025-04-26T21:42:20.840Z","I_R02_2025-04-27","R1","2025-04-26T21:42:19.621Z","GR86-061-51",0,14,499075,
"kafka:gr-raw","2025-04-26T21:27:19.624Z","I_R02_2025-04-27","R1","2025-04-26T21:27:19.413Z","GR86-061-51",0,13,169321,
"kafka:gr-raw","2025-04-26T21:24:34.315Z","I_R02_2025-04-27","R1","2025-04-26T21:24:30.104Z","GR86-061-51",0,12,155375,
"kafka:gr-raw","2025-04-26T21:21:57.086Z","I_R02_2025-04-27","R1","2025-04-26T21:21:54.704Z","GR86-061-51",0,11,154217,
"kafka:gr-raw","2025-04-26T21:19:21.609Z","I_R02_2025-04-27","R1","2025-04-26T21:19:20.504Z","GR86-061-51",0,10,153979,
"kafka:gr-raw","2025-04-26T21:16:50.439Z","I_R02_2025-04-27","R1","2025-04-26T21:16:46.503Z","GR86-061-51",0,9,153604,
"kafka:gr-raw","2025-04-26T21:14:13.662Z","I_R02_2025-04-27","R1","2025-04-26T21:14:12.904Z","GR86-061-51",0,8,154684,
"kafka:gr-raw","2025-04-26T21:11:38.658Z","I_R02_2025-04-27","R1","2025-04-26T21:11:38.224Z","GR86-061-51",0,7,153891,
"kafka:gr-raw","2025-04-26T21:09:05.748Z","I_R02_2025-04-27","R1","2025-04-26T21:09:04.334Z","GR86-061-51",0,6,153714,
"kafka:gr-raw","2025-04-26T21:06:33.302Z","I_R02_2025-04-27","R1","2025-04-26T21:06:30.593Z","GR86-061-51",0,5,154200,
"kafka:gr-raw","2025-04-26T21:03:59.632Z","I_R02_2025-04-27","R1","2025-04-26T21:03:56.423Z","GR86-061-51",0,4,155187,
"kafka:gr-raw","2025-04-26T21:01:24.340Z","I_R02_2025-04-27","R1","2025-04-26T21:01:21.214Z","GR86-061-51",0,3,160025,
"kafka:gr-raw","2025-04-26T20:58:42.113Z","I_R02_2025-04-27","R1","2025-04-26T20:58:41.271Z","GR86-061-51",0,2,224264,
"kafka:gr-raw","2025-04-26T20:54:58.125Z","I_R02_2025-04-27","R1","2025-04-26T20:54:56.933Z","GR86-061-51",0,1,206110,
"kafka:gr-raw","2025-04-26T20:51:32.213Z","I_R02_2025-04-27","R1","2025-04-26T20:51:30.824Z","GR86-061-51",0,32768,580053,
"kafka:gr-raw","2025-04-26T21:46:58.714Z","I_R02_2025-04-27","R1","2025-04-26T21:46:57.282Z","GR86-063-113",0,19,328357,
"kafka:gr-raw","2025-04-26T21:41:29.702Z","I_R02_2025-04-27","R1","2025-04-26T21:41:28.922Z","GR86-063-113",0,18,152190,
"kafka:gr-raw","2025-04-26T21:38:58.723Z","I_R02_2025-04-27","R1","2025-04-26T21:38:56.775Z","GR86-063-113",0,17,161197,
"kafka:gr-raw","2025-04-26T21:36:16.977Z","I_R02_2025-04-27","R1","2025-04-26T21:36:15.536Z","GR86-063-113",0,16,172788,
"kafka:gr-raw","2025-04-26T21:33:25.900Z","I_R02_2025-04-27","R1","2025-04-26T21:33:22.762Z","GR86-063-113",0,15,152895,
"kafka:gr-raw","2025-04-26T21:30:50.033Z","I_R02_2025-04-27","R1","2025-04-26T21:30:49.852Z","GR86-063-113",0,14,216590,
"kafka:gr-raw","2025-04-26T21:27:15.832Z","I_R02_2025-04-27","R1","2025-04-26T21:27:14.061Z","GR86-063-113",0,13,203771,
"kafka:gr-raw","2025-04-26T21:23:50.306Z","I_R02_2025-04-27","R1","2025-04-26T21:23:49.491Z","GR86-063-113",0,12,149999,
"kafka:gr-raw","2025-04-26T21:21:20.726Z","I_R02_2025-04-27","R1","2025-04-26T21:21:19.491Z","GR86-063-113",0,11,149949,
"kafka:gr-raw","2025-04-26T21:18:50.143Z","I_R02_2025-04-27","R1","2025-04-26T21:18:49.532Z","GR86-063-113",0,10,149840,
"kafka:gr-raw","2025-04-26T21:16:20.297Z","I_R02_2025-04-27","R1","2025-04-26T21:16:19.691Z","GR86-063-113",0,9,150129,
"kafka:gr-raw","2025-04-26T21:13:52.539Z","I_R02_2025-04-27","R1","2025-04-26T21:13:49.572Z","GR86-063-113",0,8,150502,
"kafka:gr-raw","2025-04-26T21:11:22.579Z","I_R02_2025-04-27","R1","2025-04-26T21:11:19.052Z","GR86-063-113",0,7,150510,
"kafka:gr-raw","2025-04-26T21:08:48.964Z","I_R02_2025-04-27","R1","2025-04-26T21:08:48.572Z","GR86-063-113",0,6,151200,
"kafka:gr-raw","2025-04-26T21:06:17.559Z","I_R02_2025-04-27","R1","2025-04-26T21:06:17.337Z","GR86-063-113",0,5,150459,
"kafka:gr-raw","2025-04-26T21:03:48.762Z","I_R02_2025-04-27","R1","2025-04-26T21:03:46.882Z","GR86-063-113",0,4,151137,
"kafka:gr-raw","2025-04-26T21:01:20.957Z","I_R02_2025-04-27","R1","2025-04-26T21:01:15.762Z","GR86-063-113",0,3,156191,
"kafka:gr-raw","2025-04-26T20:58:40.899Z","I_R02_2025-04-27","R1","2025-04-26T20:58:39.536Z","GR86-063-113",0,2,223601,
"kafka:gr-raw","2025-04-26T20:54:56.540Z","I_R02_2025-04-27","R1","2025-04-26T20:54:55.971Z","GR86-063-113",0,1,217808,
"kafka:gr-raw","2025-04-26T20:51:19.020Z","I_R02_2025-04-27","R1","2025-04-26T20:51:18.140Z","GR86-063-113",0,32768,4367892,
"kafka:gr-raw","2025-04-26T21:45:27.925Z","I_R02_2025-04-27","R1","2025-04-26T21:45:26.757Z","GR86-065-5",0,19,265262,
"kafka:gr-raw","2025-04-26T21:41:01.929Z","I_R02_2025-04-27","R1","2025-04-26T21:41:01.527Z","GR86-065-5",0,18,151835,
"kafka:gr-raw","2025-04-26T21:38:30.381Z","I_R02_2025-04-27","R1","2025-04-26T21:38:29.647Z","GR86-065-5",0,17,153706,
"kafka:gr-raw","2025-04-26T21:35:59.452Z","I_R02_2025-04-27","R1","2025-04-26T21:35:55.942Z","GR86-065-5",0,16,152453,
"kafka:gr-raw","2025-04-26T21:33:30.044Z","I_R02_2025-04-27","R1","2025-04-26T21:33:23.527Z","GR86-065-5",0,15,151917,
"kafka:gr-raw","2025-04-26T21:30:52.698Z","I_R02_2025-04-27","R1","2025-04-26T21:30:51.567Z","GR86-065-5",0,14,215856,
"kafka:gr-raw","2025-04-26T21:27:16.051Z","I_R02_2025-04-27","R1","2025-04-26T21:27:15.726Z","GR86-065-5",0,13,44,
"kafka:gr-raw","2025-04-26T21:27:16.050Z","I_R02_2025-04-27","R1","2025-04-26T21:27:15.688Z","GR86-065-5",0,14,0,
"kafka:gr-raw","2025-04-26T21:27:16.049Z","I_R02_2025-04-27","R1","2025-04-26T21:27:15.687Z","GR86-065-5",0,13,193796,
"kafka:gr-raw","2025-04-26T21:24:03.173Z","I_R02_2025-04-27","R1","2025-04-26T21:24:01.887Z","GR86-065-5",0,12,151532,
"kafka:gr-raw","2025-04-26T21:21:31.147Z","I_R02_2025-04-27","R1","2025-04-26T21:21:30.400Z","GR86-065-5",0,11,0,
"kafka:gr-raw","2025-04-26T21:21:31.147Z","I_R02_2025-04-27","R1","2025-04-26T21:21:30.399Z","GR86-065-5",0,12,87,
"kafka:gr-raw","2025-04-26T21:21:31.146Z","I_R02_2025-04-27","R1","2025-04-26T21:21:30.398Z","GR86-065-5",0,11,152039,
"kafka:gr-raw","2025-04-26T21:19:02.786Z","I_R02_2025-04-27","R1","2025-04-26T21:18:58.196Z","GR86-065-5",0,10,44,
"kafka:gr-raw","2025-04-26T21:19:02.786Z","I_R02_2025-04-27","R1","2025-04-26T21:18:58.167Z","GR86-065-5",0,10,150891,
"kafka:gr-raw","2025-04-26T21:19:02.785Z","I_R02_2025-04-27","R1","2025-04-26T21:18:58.168Z","GR86-065-5",0,11,0,
"kafka:gr-raw","2025-04-26T21:16:33.709Z","I_R02_2025-04-27","R1","2025-04-26T21:16:27.287Z","GR86-065-5",0,9,152592,
"kafka:gr-raw","2025-04-26T21:13:56.057Z","I_R02_2025-04-27","R1","2025-04-26T21:13:54.687Z","GR86-065-5",0,8,154184,
"kafka:gr-raw","2025-04-26T21:11:23.255Z","I_R02_2025-04-27","R1","2025-04-26T21:11:20.477Z","GR86-065-5",0,7,151253,
"kafka:gr-raw","2025-04-26T21:08:50.387Z","I_R02_2025-04-27","R1","2025-04-26T21:08:49.326Z","GR86-065-5",0,6,152490,
"kafka:gr-raw","2025-04-26T21:06:17.276Z","I_R02_2025-04-27","R1","2025-04-26T21:06:16.736Z","GR86-065-5",0,5,151076,
"kafka:gr-raw","2025-04-26T21:03:49.013Z","I_R02_2025-04-27","R1","2025-04-26T21:03:45.688Z","GR86-065-5",0,4,151131,
"kafka:gr-raw","2025-04-26T21:01:15.733Z","I_R02_2025-04-27","R1","2025-04-26T21:01:14.526Z","GR86-065-5",0,3,154840,
"kafka:gr-raw","2025-04-26T20:58:41.053Z","I_R02_2025-04-27","R1","2025-04-26T20:58:39.676Z","GR86-065-5",0,2,223529,
"kafka:gr-raw","2025-04-26T20:55:00.101Z","I_R02_2025-04-27","R1","2025-04-26T20:54:56.167Z","GR86-065-5",0,1,215812,
"kafka:gr-raw","2025-04-26T20:51:28.256Z","I_R02_2025-04-27","R1","2025-04-26T20:51:20.368Z","GR86-065-5",0,32768,1334530,
